document_id,summary,keywords
0,<extra_id_0> ท.ธ..ก. . .,"การ, ที่, ไม่, ได้, ของ, แผ่นดินไหว, แจ้ง, ซึ่ง, ประเทศ, จาก"
1,<extra_id_0> ตร. ตร. ตร. ตร. .ก. .,"ได้, นาย, โชติ, วันที่, เมื่อ, ที่, อายุ, จับกุม, ว่า, วัฒน์"
2,<extra_id_0>       ,"ที่, ว่า, ได้, เป็น, อุบัติเหตุ, ตาก, ซึ่ง, จุด, ทาง, โค้ง"
3,<extra_id_0> ตร.ม. . ตํารวจ . ตํารวจ ตํารวจ . ตํารวจ ตํารวจ . ตํารวจ ตํารวจ . ตํารวจ ตํารวจ . ตํารวจ ตํารวจ . ตํารวจ ตํารวจ . ยาเสพติด . ยาเสพติด . ,"ได้, และ, กิตติ, ให้, สามี, ที่, อยู่, ไม่, ยาบ้า, เจ้าหน้าที่"
4,<extra_id_0> สพท..สทศ.. ท.. ท.ศ..ส.ท. . ท. . ท. . . ท. . . ท. . ท. . ท. . ท. . ท. . ท. . ท. . ท. . ท. . ท. . ท. . ท. . ท. . ท. ท. ท. ท. ท. ท. ท. ท. ท. ท.. ท. ท. ,"ข้อสอบ, ที่, ว่า, หลักสูตร, การ, ซึ่ง, ยาก, เกิน, วัด, ของ"
5,<extra_id_0> จ.ภูเก็ต ตร. . ม.... . . . . . . . . . . . . . .,"และ, ภูเก็ต, ต่างด้าว, ไม่, ที่, เป็น, ตรวจสอบ, การ, โดย, ได้รับอนุญาต"
6,<extra_id_0> ตร. ตร. ตร. ,"ต้อง, ที่, ว่า, แล้ว, เมื่อ, เวลา, ใช้, เด็ก, ไม่, กัน"
7,<extra_id_0> . กระทรวงพาณิชย์ - จีน - อาเซียน - อาเซียน - อาเซียน - อาเซียน - อาเซียน - อาเซียน - อาเซียน - อาเซียน - อาเซียน กระทรวงพาณิชย์ กรม . กรม . ชาติไทย . ชาติไทย . กรม . ชาติไทย . กรม . กรม . ชาติไทย . กรม . กรม . กรม . กรม . ชาติไทย . ชาติไทย . วิ. วิบูลย์ นายก. ชาติ รัฐ ชาติ รัฐ ชาติ รัฐ ชาติ รัฐ กรม . รัฐ ,"จีน, การ, ของ, ไทย, ไม่, นาย, สินค้า, จาก, และ, ที่"
8,<extra_id_0> ม.ต.ต.ต.ต.ต.ต.ต.ต.ต.ต.ต.ต.ต.ต.,"ได้, ที่, นาย, จัด, กิโลเมตร, เมื่อ, เวลา, สาย, ท่วม, เจ้าหน้าที่"
9,<extra_id_0> ง.ต. ง. . . . . . . . . . . . . . . . . ง. ง. ง. ง.,"กัน, ที่, ได้, พัน, บ้าน, ตัว, สวน, โดย, ใช้, คลิป"
10,<extra_id_0> ทช.. ทช. ทช.. ทช..ท.. ทช.. ท. ทช.. ทช.. ทช.. ทช.. ทช.. ทช.. ทช..,"ฉลาม, เขา, ที่, ถ้ำ, วัด, เต่า, และ, เป็น, หัว, ว่า"
11,<extra_id_0> สหรัฐฯ แถลงนโยบาย นโยบาย สหรัฐฯ . สหรัฐฯ ,"โดรน, และ, ทั้ง, ประเทศ, ให้, ที่, นโยบาย, ใช้, ยัง, กับ"
12,<extra_id_0> ด..ล. ,"มิ.ย, ให้, เซปป์, ฟีฟ่า, อดีต, สำนัก, วันที่, ตำแหน่ง, อีกครั้ง, หลังจาก"
13,<extra_id_0>คดี คดีที่ คดี ,"ชุด, ใส่, ที่, ผู้ต้องขัง, ออก, ไม่, เรือนจำ, ต้อง, เป็น, การ"
14,<extra_id_0> กสทช. . คสช. . คสช..,"ที่, สื่อ, กสทช, ฉบับ, คสช, คำสั่ง, การ, และ, ควบคุม, ของ"
15,<extra_id_0> ด.. ปิศาจแดง แมนเชสเตอร์ ยูไนเต็ด ยูไนเต็ด . . ปิศาจจ . ลีก . . . . . ,"ลีก, เล่น, ต้อง, ได้, ทีม, ยูโรปา, แล้ว, นัด, ฤดูกาล, แดง"
16,<extra_id_0> ท.ต.,"ไม่, ไมค์, ได้, ให้, เขา, หรอก, เรา, ที่, ยิ้ม, กัน"
17,<extra_id_0> แมนเชสเตอร์ ยูไนเต็ด . แมนเชสเตอร์ ยูไนเต็ด ยูไนเต็ด . ปิศาจแดง แมนเชสเตอร์ ยูไนเต็ด ยูไนเต็ด . ปิศาจแดง แมนเชสเตอร์ ยูไนเต็ด ยูไนเต็ด . ปิศาจแดง แมนเชสเตอร์ ยูไนเต็ด ค.. ยูไนเต็ด ยูไนเต็ด ยูไนเต็ด ยูไนเต็ด ค . ยูไนเต็ด ยูไนเต็ด ,"ที่, ทีม, ปิศาจ, แดง, ได้, ได้รับ, นาที, ชัยชนะ, เกม, สำนัก"
18,<extra_id_0> ด.ต. . ท. ท. ค. ด.,"คิด, ว่า, เขา, คุณ, และ, เกม, เรา, ถึง, มัน, มาก"
19,<extra_id_0> แมนเชสเตอร์ ยูไนเต็ด แมนเชสเตอร์ ยูไนเต็ด ยูไนเต็ด ยูไนเต็ด ยูไนเต็ด ยูไนเต็ด ยูไนเต็ด ,"ที่, การ, แชมป์, เป็น, คือ, ถ้วย, ว่า, ฟาน, กัล, สุดท้าย"
20,<extra_id_0> โครงการ โครงการ โครงการ โครงการ โครงการ โครงการ โครงการ โครงการ โครงการ โครงการ โครงการ โครงการ โครงการ โครงการ โครงการ โครงการ โครงการ โครงการ. ,"ที่, และ, ด้าน, นี้, ให้, ของ, ไม่, การ, ได้, บริษัท"
21,<extra_id_0> . . ,"ครอบครัว, ไม่, ได้, แจก, เงิน, การ, ที่, ให้, ชินวัตร, และ"
22,<extra_id_0> ตํารวจ คดี ม.ต. . ตํารวจ . คดี . คดี . ตํารวจ คดี ตํารวจ คดี คดี คดี คดี คดี คดี คดี คดี คดี คดี คดี คดี คดี คดี คดี คดี คดี คดี คดี คดี คดี คดี คดี คดี คดี คดี คดี คดี คดี คดี คดี คดี คดี คดี คดี คดี คดี คดี คดี คดี คดี คดี คดี คดี คดี คดี คดี คดี คดี คดี คดี คดี คดี คดี คดี คดี คดี คดี คดี ,"ที่, อายุ, การ, สมาชิก, ได้, ถูก, โชกุน, ส่วน, บริษัท, ของ"
23,<extra_id_0> ตํารวจ ตํารวจ ตํารวจ - ตํารวจ - ตํารวจ - ตํารวจ - ตํารวจ - ตํารวจ ตํารวจ - ตํารวจ ตํารวจ ตํารวจ ตํารวจ ตํารวจ ตํารวจ ตํารวจ ตํารวจ ตํารวจ ตํารวจ ตํารวจ - ตํารวจ ตํารวจ ตํารวจ ตํารวจ - ตํารวจ ตํารวจ ตํารวจ ตํารวจ ตํารวจ ตํารวจ ตํารวจ - ตํารวจ ตํารวจ ตํารวจ ตํารวจ ตํารวจ - ตํารวจ ตํารวจ ตํารวจ ตํารวจ ตํารวจ ตํารวจ - ตํารวจ ตํารวจ ตํารวจ ตํารวจ ตํารวจ ตํารวจ ตํารวจ ตํารวจ ตํารวจ ตํารวจ ตํารวจ ตํารวจ ตํารวจ ตํารวจ ตํารวจ ตํารวจ ตํารวจ ตํารวจ ตํารวจ ตํารวจ ตํารวจ,"กับ, อุทุมพร, พิสัย, นาย, บุญ, ของ, ผู้บาดเจ็บ, สุร, สิทธิ์, อายุ"
24,<extra_id_0> เฟซบ . .,"การ, ได้, คุณ, ข้อมูล, Facebook, สามารถ, ของ, ให้, ต่าง, ตั้งค่า"
25,<extra_id_0> ลานุส ชนะ ล.,"เอน, ทีม, จาก, แต้ม, กลุ่ม, ของ, พวกเขา, ประตู, นัด, ไม่"
26,<extra_id_0>      ,"การพนัน, รณรงค์, เพิ่มขึ้น, เท่า, ของ, หยุด, พนัน, เครือข่าย, สมอง, ยัง"
27,<extra_id_0>ผู้กํากับ ศ.ต. ม. ม. ศ. ม. ม. ท. ม. ,"เรื่อง, ที่, ภาพยนตร์, ของ, การ, แบบ, นี้, เป็น, นำเสนอ, ภาพ"
28,<extra_id_0> ตํารวจ ตร. ตํารวจ ตํารวจ ตํารวจ ตํารวจ ตํารวจ ตํารวจ ตํารวจ ตํารวจ ตํารวจ ตํารวจ ตํารวจ ตํารวจ ตํารวจ ตํารวจ ตํารวจ ตํารวจ ตํารวจ ตํารวจ ตํารวจ ตํารวจ ตํารวจ ตํารวจ ตํารวจ ตํารวจ ตํารวจ ตํารวจ ตํารวจ ตํารวจ ตํารวจ ตํารวจ ตํารวจ ตํารวจ ตํารวจ ตํารวจ ตํารวจ ตํารวจ ตํารวจ ตํารวจ ตํารวจ ตํารวจ ตํารวจ ตํารวจ ตํารวจ ตํารวจ ตํารวจ ตํารวจ ตํารวจ ตํารวจ ตํารวจ ตํารวจ ตํารวจ ตํารวจ ตํารวจ ตํารวจ ตํารวจ ตํารวจ ตํารวจ ตํารวจ ตํารวจ ตํารวจ ตํารวจ ตํารวจ ตํารวจ ตํารวจ ตํารวจ ตํารวจ ตํารวจ ตํารวจ ตํารวจ ตํารวจ ตํารวจ ,"อาวุธ, ปืน, ศิร, ชัย, นาย, ที่, กาญจนบุรี, กระบอก, ท่าเรือ, ได้"
29,<extra_id_0>ต.ม. ม.ก.. .   . . ,"เป็น, และ, ไม่, ว่า, อาหารเสริม, ที่, เมือง, อุบลราชธานี, แคปซูล, บรรจุ"
30,<extra_id_0> ม.ส.. . ,"และ, ว่า, ที่, รายงาน, วิทยาลัย, รูป, เพื่อ, หารือ, ผู้แทน, แต่"
31,<extra_id_0> ท.จ..จ.จ.จ.จ.จ.จ.จ.จ.จ.จ.จ.จ.จ.จ.จ.จ.จ.จ.จ.จ.จ.จ.จ.จ.จ.จ.จ.จ.จ.จ. ม. ม. . . ,"บ้าน, ใหม่, ทะเบียน, คลอง, ชลประทาน, กาญจนบุรี, และ, โดย, ผู้เสียชีวิต, ทั้ง"
32,<extra_id_0> ล. . . . . . . . . . ,"ซีซั่น, เขา, ฟอร์ม, นี้, ของ, ที่, ได้, ว่า, สำนัก, วันที่"
33,<extra_id_0> ตร. ตร.ตํารวจ ,"ทั้ง, การ, และ, กว่า, ที่, ให้, ปรับ, เมื่อ, วันที่, ลอยกระทง"
34,<extra_id_0> จ.ยะลา,"และ, เด็ก, พื้นที่, เยาวชน, ปลอดภัย, สำหรับ, Please, สร้าง, ชุมชน, Peace"
35,<extra_id_0> ม.ต. ม. ม. ม.ก. ม. ม. ม. ม. ม. ม. ม. ม. ม. ม. ม. ม. ม. ม. ม. ม. ม. ม. ม. ม. ม. ม. ม. ม. ม. ม. ม. ม. ม. ม. ม. ม. . . . ม. . . . . . ม. กรรมการ. กรรมการ กรรมการ กรรมการ กรรมการ กรรมการ ,"ผู้บริโภค, ที่, Ensogo, เว็บไซต์, ต่าง, หรือ, ร้านค้า, ว่า, ซึ่ง, คูปอง"
36,<extra_id_0> รถไฟฟ้าโดยสาร รถไฟฟ้า รถไฟฟ้า รถไฟฟ้า . . ,"ที่, ไม่, การ, ค่าโดยสาร, รถไฟฟ้า, ของ, และ, ต้อง, ว่า, กับ"
37,<extra_id_0> ล. ณ.ต.,"งาน, ที่, และ, ประกาศ, เสิร์ฟ, รางวัล, เป็น, อาหาร, ลูกโลก, นี้"
38,<extra_id_0> น้อง น้อง น้อง น้อง น้อง น้อง  . . . . . . ,"ได้, เจอ, น้อง, ที่, หน้า, กุ๊บ, กิ๊บ, และ, มาก, เป่า"
39,<extra_id_0>.ต. . ตํารวจ . ตํารวจ ตํารวจ ตํารวจ ตํารวจ ตํารวจ ตํารวจ ตํารวจ ตํารวจ ตํารวจ ตํารวจ ตํารวจ ตํารวจ ตํารวจ ตํารวจ ตํารวจ ตํารวจ ตํารวจ ตํารวจ ตํารวจ ตํารวจ ตํารวจ ตํารวจ ตํารวจ ตํารวจ ตํารวจ ตํารวจ ตํารวจ ตํารวจ ตํารวจ ตํารวจ ตํารวจ ตํารวจ ตํารวจ ตํารวจ ตํารวจ ตํารวจ ตํารวจ ตํารวจ ตํารวจ ตํารวจ ตํารวจ ตํารวจ ตํารวจ ตํารวจ ตํารวจ ตํารวจ ตํารวจ ตํารวจ ตํารวจ ตํารวจ ตํารวจ . ตํารวจ ตํารวจ ตํารวจ ตํารวจ ตํารวจ ตํารวจ ตํารวจ ตํารวจ ตํารวจ ตํารวจ ตํารวจ ตํารวจ ตํารวจ ตํารวจ ตํารวจ ตํารวจ ตํารวจ ,"ตำรวจ, แห่งชาติ, ผู้บัญชาการ, ที่, และ, เป็น, ความ, อาวุโส, ซึ่ง, ของ"
40,<extra_id_0> ม.ท.บ.ก.ก. ม. . . ,"ที่ดิน, และ, ได้, เป็น, ชุมชน, บาท, ว่า, ของ, ที่, พื้นที่"
41,<extra_id_0> กับ แตง ง       . ,"ไม่, กัน, ว่า, ได้, ที่, รัก, ก็ได้, เรา, โพสต์, ให้"
42,<extra_id_0> ศ.ทศ. . . ศ.. ศ.. ศ.. ศ.. ศ.. ศ.. ศ.. ศ.. ศ.. ศ.. ศ.. ศ.. ศ.. ศ.. ศ... ศ.. ศ.. ศ.. ศ.. ศ... ศ... ศ.. . ศ.. . ศ... . ศ.. ศ.. ศ.. ศ.. ศ.. ศ.. ศ.. ศ..,"และ, ความถนัด, สอบ, วิชา, ทดสอบ, คำตอบ, ได้, ทาง, GAT, ที่"
43,<extra_id_0>ตํารวจ ม.ต.ต. ตํารวจ ม. . ,"การ, ป่า, ตะกั่ว, เล่นการพนัน, พังงา, ลักลอบ, นาย, จังหวัด, ได้, เจ้าหน้าที่"
44,<extra_id_0> ตํารวจ ตํารวจ ตํารวจ ตํารวจ ตํารวจ ตํารวจ ตํารวจ ตํารวจ ตํารวจ ตํารวจ ตํารวจ ตํารวจ ตํารวจ ตํารวจ ตํารวจ ตํารวจ ตํารวจ ตํารวจ ตํารวจ ตํารวจ ตํารวจ ตํารวจ ตํารวจ ตํารวจ ตํารวจ ตํารวจ . ตํารวจ ตํารวจ ตํารวจ ตํารวจ ตํารวจ ตํารวจ,"หญิง, ไก่, ไม่, ว่า, ที่, ผู้ต้องหา, ตำรวจ, กับ, กลาง, ได้"
45,<extra_id_0> สหรัฐฯ ท. สหรัฐฯ ท.,"และ, หยุด, การ, ยิง, รัสเซีย, สหรัฐฯ, ซีเรีย, ที่, กลุ่ม, ว่า"
46,<extra_id_0> สนช. . สน..,"ประชาชน, ภาค, กระท่อม, สนช, กัญชา, ฉบับ, ผู้ป่วย, โรคมะเร็ง, ร่างพระราชบัญญัติ, ยาเสพติดให้โทษ"
47,<extra_id_0> ทล. ทล.,"สาย, ล้าน, บาท, ระยะทาง, และ, เงินลงทุน, บางปะอิน, มอเตอร์เวย์, นครราชสีมา, เปิด"
48,<extra_id_0> . ตํารวจ ศาล ,"ไม่, ทหาร, State, Quarantine, โรงแรม, อียิปต์, และ, พัก, กักตัว, ห้าง"
49,<extra_id_0>ร่างรัฐธรรมนูญ รัฐธรรมนูญที่ร่างรัฐธรรมนูญที่ร่าง รัฐธรรมนูญที่ร่าง รัฐธรรมนูญ ,"ที่, ไม่, ว่า, ได้, การ, และ, ของ, ประเทศ, แต่, หรือ"
50,<extra_id_0> ศอ.บต. ท. ศอ.,"และ, ที่, ชาวนา, กลุ่ม, จังหวัด, ชายแดน, โรงพยาบาล, ปัตตานี, แล้ว, ครอบครัว"
51,<extra_id_0> พรรคไทย. . พรรคไทย.,"รักษา, พรรค, ไทย, ชาติ, พรรคการเมือง, นายทะเบียน, บริหาร, คณะกรรมการ, วรรค, นาย"
52,<extra_id_0> ตร.ม. ตํารวจ ตํารวจ ตํารวจ ตํารวจ ตํารวจ ตํารวจ ตํารวจ ตํารวจ ตํารวจ ตํารวจ ตํารวจ ตํารวจ ตํารวจ ตํารวจ ตํารวจ ตํารวจ ตํารวจ ตํารวจ ตํารวจ ตํารวจ ตํารวจ ตํารวจ ตํารวจ ตํารวจ ตํารวจ ตํารวจ ตํารวจ ตํารวจ ตํารวจ ตํารวจ ตํารวจ ตํารวจ ตํารวจ ตํารวจ ตํารวจ ตํารวจ ตํารวจ ตํารวจ ตํารวจ ตํารวจ ตํารวจ ตํารวจ ตํารวจ ตํารวจ ตํารวจ ตํารวจ ตํารวจ ตํารวจ ตํารวจ ตํารวจ ตํารวจ ตํารวจ ตํารวจ ตํารวจ ตํารวจ ตํารวจ ตํารวจ ตํารวจ ตํารวจ ตํารวจ ตํารวจ ตํารวจ ตํารวจ ตํารวจ ตํารวจ ตํารวจ ตํารวจ ตํารวจ ตํารวจ ตํารวจ ตํารวจ ,"หัว, หิน, นาย, อายุ, ครอบครัว, และ, ที่, คมสัน, ช่วยเหลือ, ประจวบคีรีขันธ์"
53,<extra_id_0> ช.ต.ต. .ก. ค.ก.ต. ค.ต. ค.ต. ค.ต. ค.ต. ค.ต. ค.ต. ค.ต. ค.ต. ค.ต. ค.ต. ค.ต. ค.ต. ค.ต. ค.ต. ค.ต. ค.ต. ค.ต. ค.ต. ค.ค. .ก.ต. ค.ก.ก.ก.ก.ก.ก.ก.ก.ก.ก.ก.ก.ก.,"ครู, พี่เลี้ยง, และ, เด็กพิการ, ที่, ต่อ, ได้, แห่ง, ประเทศ, ผู้"
54,<extra_id_0> ศาล . ศาล ศาล . คดี . ศาล ศาล ศาล ศาล ศาล ศาล ศาล ศาล ศาล ศาล ศาล ศาล ศาล ศาล ศาล ศาล ศาล ศาล ศาล ศาล ศาล ศาล ศาล ศาล ศาล ศาล ศาล ศาล ศาล ศาล ศาล ศาล ศาล ศาล ศาล ศาล ศาล ศาล ศาล ศาล ศาล ศาล ศาล ศาล ศาล ศาล ศาล ศาล ศาล ศาล ศาล ศาล ศาล ศาล ศาล ศาล ศาล ศาล ศาล ศาล ศาล ศาล ศาล ศาล ศาล ศาล ศาล,"พระ, วัด, ธรรมกาย, ไม่, ให้, นาย, ว่า, ที่, คดี, และ"
55,<extra_id_0> เจอร์รง เจอร์รง เจอร์รง ,"ทีม, วันที่, หลัง, ฤดูกาล, แข้ง, เจอร์ราร์ด, เม.ย, รายงาน, กับ, สำนัก"
56,<extra_id_0> ช. ล.,"มือ, เซต, ชนะ, สเปน, ของ, และ, เดี่ยว, ตรวด, รายการ, หญิง"
57,<extra_id_0> ตร.ม. ม. ม. ม. ม. ม. ม. .ก. . ม. . .,"ที่, ไม่, และ, การ, ว่า, นาย, ต้อง, ได้, ให้, ของ"
58,<extra_id_0> ล. แมนเชสเตอร์ ยูไนเต็ด ,"ที่, สำนัก, วันที่, ว่า, เกม, ลีก, แซด, ข่าวต่างประเทศ, รายงาน, ทีม"
59,<extra_id_0>แรงงาน แรงงาน แรงงาน แรงงาน แรงงาน แรงงาน - แรงงาน - แรงงาน - แรงงาน - แรงงาน ,"บาท, แรงงาน, ที่, กลุ่ม, พม่า, และ, นายจ้าง, ให้, เงิน, ชาว"
60,<extra_id_0> สํานักงานเศรษฐกิจการคลัง กระทรวงการคลัง ,"ได้รับ, ที่, ผู้, สละสิทธิ์, หนังสือ, ของ, ท่าน, จาก, ราย, หรือ"
61,<extra_id_0>การชุมนุมที่ชุมนุม ชุมน. ,"ชุมนุม, การ, และ, ที่, อย่าง, สงบ, ของ, สิทธิ, ร่าง, โดย"
62,<extra_id_0> ง. บุรีรัมย์ ยูไนเต็ด . บุรีรัมย์ ยูไนเต็ด ,"บุรีรัมย์, ที่, นาที, เอฟ, บดินทร์, วีร, วัฒ, โชค, สาร, เปิด"
63,<extra_id_0>จ.อุทก.,"และ, นาย, ทรัพยากร, บ้านไร่, ที่, พื้นที่, มอบ, ให้, วุธ, ประชาชน"
64,<extra_id_0> จ. . . ด.ช. ด.ช. ด.ช. ด.ช . . . . ,"วังสะ, พุง, เลย, เป็น, ทรายขาว, รถกระบะ, วิทยา, ผู้สื่อข่าว, กำแพง, พลิกคว่ำ"
65,<extra_id_0> ตร. ตํารวจ ตํารวจ ตํารวจ ตํารวจ ตํารวจ ตํารวจ ตํารวจ ตํารวจ ตํารวจ ตํารวจ ตํารวจ ตํารวจ ตํารวจ ตํารวจ ตํารวจ ตํารวจ ตํารวจ ตํารวจ ตํารวจ ตํารวจ ตํารวจ ตํารวจ ตํารวจ ตํารวจ ตํารวจ ตํารวจ ท. ตํารวจ ตํารวจ ตํารวจ ตํารวจ ตํารวจ ตํารวจ ตํารวจ ตํารวจ ตํารวจ ตํารวจ ตํารวจ ตํารวจ ตํารวจ ตํารวจ ตํารวจ ตํารวจ ตํารวจ ตํารวจ ตํารวจ ตํารวจ ตํารวจ ตํารวจ ตํารวจ ตํารวจ ตํารวจ ตํารวจ ตํารวจ ตํารวจ . ตํารวจ ตํารวจ ตํารวจ ตํารวจ ตํารวจ ตํารวจ ตํารวจ ตํารวจ ตํารวจ ตํารวจ ตํารวจ ตํารวจ ตํารวจ ตํารวจ ตํารวจ ตํารวจ,"ธัญ, นาย, วิทย์, รถเก๋ง, อยู่, ไม่, ถนน, เมีย, สยอง, เป็น"
66,<extra_id_0> ม.ต.,"เพลง, เขียน, ที่, ไม่, เรา, มัน, ของ, เกท, เป็น, ให้"
67,<extra_id_0> ท.ท. ท. ท. ท. ท. ท. ท. ท. ,"การ, ที่, ของ, นักโทษ, เธอ, พวก, เรือนจำ, และ, ไม่, ให้"
68,<extra_id_0> ตร.ม. ตํารวจ ตํารวจ ตํารวจ ตํารวจ ตํารวจ ตํารวจ ตํารวจ ตํารวจ ตํารวจ ตํารวจ ตํารวจ ตํารวจ ตํารวจ ตํารวจ ตํารวจ ตํารวจ ตํารวจ ตํารวจ ตํารวจ ตํารวจ ตํารวจ ตํารวจ ตํารวจ ตํารวจ ตํารวจ ตํารวจ ตํารวจ ตํารวจ ตํารวจ ตํารวจ ตํารวจ ตํารวจ ตํารวจ ตํารวจ ตํารวจ ตํารวจ ตํารวจ ตํารวจ ตํารวจ ตํารวจ ตํารวจ ตํารวจ ตํารวจ ตํารวจ ตํารวจ ตํารวจ ตํารวจ ตํารวจ ตํารวจ ตํารวจ ตํารวจ ตํารวจ ตํารวจ ตํารวจ ตํารวจ ตํารวจ ตํารวจ ตํารวจ ตํารวจ ตํารวจ ตํารวจ ตํารวจ ตํารวจ ตํารวจ ตํารวจ ตํารวจ ตํารวจ ตํารวจ ตํารวจ ตํารวจ ตํารวจ ,"ที่, จำเลย, เป็นเวลา, ให้, และ, ไม่, หรือ, ยุทธ, ปิย, แต่"
69,<extra_id_0> ตํารวจ ตํารวจ ตํารวจ ตํารวจ ตํารวจ ตํารวจ ตํารวจ ตํารวจ ตํารวจ ตํารวจ ตํารวจ ตํารวจ ตํารวจ ตํารวจ ตํารวจ ตํารวจ ตํารวจ ตํารวจ ตํารวจ ตํารวจ ตํารวจ  ตํารวจ  ตํารวจ  ตํารวจ  ตํารวจ  ตํารวจ  ตํารวจ  ตํารวจ  ตํารวจ . ,"คลอง, ที่, ซอย, หลวง, ฆ่า, ได้, นายจ้าง, นาย, ผกก, จาก"
70,<extra_id_0> สมาคมกีฬาคนพิการ สมาคมกีฬา สมาคมกีฬา สมาคมกีฬา สมาคมกีฬา สมาคมกีฬา สมาคมกีฬา ,"ล้าน, บาท, และ, นักกีฬา, รับ, ได้, ที่, เป็น, วันที่, สมาคม"
71,<extra_id_0> 2 : ญี่ปุ่น ทีมชาติไทย . ญี่ปุ่น . ญี่ปุ่น . ญี่ปุ่น . ญี่ปุ่น . ญี่ปุ่น . ญี่ปุ่น . ญี่ปุ่น . ญี่ปุ่น . ญี่ปุ่น . ญี่ปุ่น . ญี่ปุ่น . ญี่ปุ่น . ญี่ปุ่น . ญี่ปุ่น . ญี่ปุ่น . ญี่ปุ่น . ญี่ปุ่น . ญี่ปุ่น . ญี่ปุ่น . ญี่ปุ่น . ญี่ปุ่น . ญี่ปุ่น . ญี่ปุ่น . ญี่ปุ่น . ญี่ปุ่น . ญี่ปุ่น . ญี่ปุ่น . ญี่ปุ่น ทีมชาติไทย. ทีมชาติไทย ทีมชาติไทย ทีมชาติไทย ทีมชาติไทย ทีมชาติไทย ทีมชาติไทย ทีมชาติไทย ทีมชาติไทย,"เท่า, คูณ, เต็ง, ราคา, ทีม, สำนัก, วันที่, ข่าวต่างประเทศ, รายงาน, แชมป์"
72,<extra_id_0> ท. . . . . . . . . . . . . . . . ,"เป็น, ได้รับ, ที่, และ, กองทัพ, นาย, ว่า, การ, แต่, นั้น"
73,<extra_id_0> อย. อย.,"หรือ, ไม่, แอลกอฮอล์, เกิน, ทั้ง, ปรับ, ของ, ให้, และ, เป็น"
74,<extra_id_0> ค.ส. ค. ค. ค. ค. ค. ค. ค. ค. ค. ค. ค. ค. ค. ค. ค. ค. ค. ค. ค. ค. ค. ค. ค. ค. ค. ค. ค. ค. ค. ค. ค. ค. ค. ค. ค. ค. ค. ค. ค. ค. ค. ค. ค. ค. ค. ค. ค.ก.,"ไม่, ให้, เขา, ที่, ว่า, ได้, ประยุทธ์, แล้ว, จังหวัด, เมื่อ"
75,<extra_id_0> บิวตี้ บิวตี้ บิวตี้ บิวตี้ บิวตี้ บิวตี้ บิวตี้ บิวตี้ บิวตี้ บิวตี้ บิวตี้ บิวตี้ บิวตี้ บิวตี้ บิวตี้ บิวตี้ บิวตี้ บิวตี้ บิวตี้ บิวตี้ บิวตี้ บิวตี้ บิวตี้ บิวตี้ บิวตี้ บิวตี้ บิวตี้ . ช. . . . . . .,"Royal, ประเทศ, จาก, Collection, ผิว, เกาหลี, เครื่องสำอาง, แบรนด์, และ, Mind"
76,<extra_id_0> ท.ต.ต.ต.ต.ต.ต.ต.ต.ต.ต.ต.ต.ต.ต.ต.ต.ต.ต.ต.ต.ต.ต.ต.ต.ต.ต.ต.ต.ต.ต.ต.ต.ต.ต.ต.ต.ต.ต.ต.ต.ต.ต.ต.ต.ต.ต.ต.ต.ต.ต.ต.ต.ต.ต.ก.ก.ก.ก. ท.ก.ก.ก.ก.ก.ก.ก.ก.ก.ก.ก.ก.ก.,"ท่อ, เมตร, บ้าน, บ่อ, ดิน, และ, ที่, ได้, ทับ, ขุด"
77,<extra_id_0> ตํารวจจับ . ตํารวจ ตํารวจ ตํารวจ ตํารวจ ตํารวจ ตํารวจ ตํารวจ ตํารวจ ตํารวจ ตํารวจ ตํารวจ ตํารวจ ตํารวจ ตํารวจ ตํารวจ ตํารวจ ตํารวจ ตํารวจ,"และ, ไม่, นาย, เป็น, ว่า, ชัย, ของ, บาท, ที่, ยัง"
78,<extra_id_0> กสทช.. ค. . คส.. กสท.. . ม.... . ค. . คสช..ก... ม.... . คสช..,"กสทช, นำเสนอ, ไม่, การ, และ, ได้, ข่าวสาร, คสช, ที่, วันนี้"
79,<extra_id_0>      ,"ทีม, เกิน, อายุ, ไม่, ชาติ, รุ่น, ที่, วันที่, เป็น, จาก"
80,<extra_id_0> ตํารวจ ตร. ม. . . ,"นาย, ยือ, มัน, ผู้ตาย, และ, เป็น, ที่, หริ่ง, ถูก, ว่า"
81,<extra_id_0>  ทีมชาติไทย . . ทีมชาติไทย . ทีมชาติไทย. . ทีมชาติไทย. . . . . ทีมชาติไทย. . . . . ,"ชาติ, วันที่, ทีม, ได้, อย่าง, เป็น, ให้, เกม, เอาชนะ, คะแนน"
82,<extra_id_0> เด็ก เด็ก ม.,"เขมร, ของ, ที่, แดง, และ, เขา, กับ, สมบัติ, เจีย, เป็น"
83,<extra_id_0> ทีมชาติไทย ชนะ ทีมชาติไทย ,"ทีม, ที่, เซต, ชาติ, ได้, ไทย, รอบ, เวลา, กลุ่ม, ของ"
84,<extra_id_0>ชาติ ทีมชาติไทย ทีมชาติไทย ทีมชาติไทย  ทีมชาติไทย  ทีมชาติไทย . . ,"วันที่, ที่, เดือน, ไทย, ทีม, ลีก, เรีย, เมษายน, สิงหาคม, วอลเลย์บอล"
85,<extra_id_0> ด.. ม.ค. . . ,"แดง, ให้, กับ, ที่, นาที, ได้, และ, เปิด, บอล, เม.ย"
86,<extra_id_0>ต.อ. ม.ต. . .,"วีร์, นาย, หน้ากาก, ว่า, อนามัย, ไม่, การ, กับ, ได้, โพสต์"
87,<extra_id_0> ค.ต.ม.ค. ค.ต. ม. ค. .,"นาง, อายุ, ที่, อยู่, และ, มาบ, พุด, ศรีษะเกษ, ระยอง, ลงมา"
88,<extra_id_0> ประเทศไทย ประชาชน ประชาชน ประชาชน ,"ร้อยละ, เดียว, เที่ยว, ทั่ว, มาตรการ, ไทย, ส่วนใหญ่, ลงทะเบียน, ไม่, เข้าร่วม"
89,<extra_id_0> ม.ก.ก. .ก. . ,"ไม่, ได้, เด็ก, ของ, ว่า, ที่, ให้, เป็น, ระเบิด, เสียชีวิต"
90,<extra_id_0> เสียชีวิต เสียชีวิต เสียชีวิต ,"เมือง, และ, การ, ที่, ของ, เป็น, ประท้วง, สหรัฐอเมริกา, ประเทศ, อัฟกานิสถาน"
91,<extra_id_0> เด็ก เด็ก เด็ก เด็ก เด็ก เด็ก ,"เรา, ไม่, ที่, ว่า, มัน, เป็น, ของ, การ์ตูน, เขา, การ"
92,<extra_id_0> ม.ต. ค .,"ไม่, ว่า, และ, การ, ที่, ให้, นาย, ได้, ของ, เป็น"
93,<extra_id_0>สลากฯ กรมสลากฯ ฯ ,"สลาก, ชุด, และ, ว่า, การ, ราคา, ออก, ที่, ซึ่ง, สูง"
94,<extra_id_0> ศ. ศ. ศ. ศ. ศ. ศ. ศ. ศ. ศ. ศ. ศ. .,"สุทธิ, ไม่, ว่า, ได้, เอชไอวี, และ, สภากาชาด, ไทย, เอดส์, กระทรวงสาธารณสุข"
95,<extra_id_0> ตร. ตร. ตร. . . . . . .,"บาง, เขน, ห้องพัก, อายุ, ยาเสพติด, ผู้ต้องหา, ทั้งหมด, และ, เปิด, เสพ"
96,<extra_id_0> ง. ตํารวจ ตํารวจ ตํารวจ . ตํารวจ . ตํารวจ ตํารวจ ตํารวจ ตํารวจ ตํารวจ ตํารวจ ตํารวจ ตํารวจ ตํารวจ ตํารวจ ตํารวจ ตํารวจ,"และ, เมือง, โจรกรรม, คัน, ได้, ที่, ไม่, รถจักรยานยนต์, ชาวบ้าน, นครพนม"
97,<extra_id_0> อบจ. อบ . นายก . นายก . นายก อบ . นายก . นายก . ม. นายก . นายก . นายก . . ,"อบจ, นายก, สกลนคร, โควิด, ที่, ผู้, ผู้บริหาร, กองทุน, เวลา, อบต"
98,<extra_id_0> เด็กหญิงวัย 3 ข.,"ของ, เธอ, วัย, ว่า, จาก, เจ้าหน้าที่ตำรวจ, ได้, ลูกสาว, นาน, วัน"
99,<extra_id_0> มล.มล.,"ที่, ต่อ, ฝุ่น, และ, การ, ของ, ฝุ่นละออง, ขนาดเล็ก, สุขภาพ, หรือ"
100,<extra_id_0> ค. ม. . ค. . ค. . ค. . .,"ที่, เล่น, ริน, ไม่, ว่า, เกม, และ, เขา, ซึ่ง, อาการ"
101,<extra_id_0> ท. ม.ก.ต.ม.ก.ต.ม.ต.ม.จ. . ,"และ, จีน, ผลไม้, ตลาด, ผัก, กัมพูชา, สารท, ไม่, ประเทศ, เทศกาล"
102,<extra_id_0> ฯล.,"บังคับ, เครื่องบิน, นักศึกษา, ที่, กว่า, วิทยุ, นี้, และ, ต่าง, แข่งขัน"
103,<extra_id_0> ตํารวจ ตร. ตํารวจ ตํารวจ ตํารวจ ตํารวจ ตํารวจ ตํารวจ ตํารวจ ตํารวจ ตํารวจ ตํารวจ ตํารวจ ตํารวจ ตํารวจ ตํารวจ ตํารวจ ตํารวจ ตํารวจ ตํารวจ ตํารวจ ตํารวจ ตํารวจ ตํารวจ ตํารวจ ตํารวจ ตํารวจ ตํารวจ ตํารวจ ตํารวจ ตํารวจ ตํารวจ ตํารวจ ตํารวจ ตํารวจ ตํารวจ ตํารวจ ตํารวจ ตํารวจ ตํารวจ ตํารวจ ตํารวจ ตํารวจ ตํารวจ,"สอง, พี่น้อง, ทอง, แล้ว, จึง, คนร้าย, ที่, อยู่, และ, ไม่"
104,<extra_id_0> ณ.ก.ต. . ณ. นายก . นายก. นายก. นายก. นายก. นายก. นายก. นายก. ช.. ณ. ช..ก. ณ. นายก. ช..ก.ก.ก. ช..ก.ก.ก. ช..ก.ก.ก. ช.ก.ก.ก. ค. ช.ก.ก. ช.. ช.ก. ค.. นายก.ก. ค.. ช.. ช..ก. ช.. ช..ก. ,"ยาง, ตัน, ประเทศ, ส่งมอบ, ไทย, จำนวน, การ, กัมปนาท, ให้, กับ"
105,<extra_id_0> ม.ต. ม.ค.. . - . . . . . . . ม. . . . . . . . . . . . . . . . . . . . . . . . . . . . . . . . . . . . . . . . . . . . . . . . . . . . . . . . . . .,"ไต้ฝุ่น, ซุปเปอร์, มังคุด, ที่, ของ, และ, ฟิลิปปินส์, วัน, ว่า, กว่า"
106,<extra_id_0> หงส์แดง ลิเวอร์พูล . ลิเวอร์พูล . หงส์แดง ลิเวอร์พูล . หงส์แดง ลิเวอร์พูล . หงส์แดง ลิเวอร์พูล . หงส์แดง ลิเวอร์พูล . หงส์แดง ลิเวอร์พูล . หงส์แดง ลิเวอร์พูล . หงส์แดง ลิเวอร์พูล . หงส์แดง ,"ชุด, ราชัน, ขาว, อปป์, ทีม, ของ, คุม, ว่า, กุนซือ, ที่"
107,<extra_id_0> รพ. ตํารวจ รพ. ตํารวจ ตํารวจ ตํารวจ ตํารวจ ตํารวจ รพ. ตํารวจ รพ. . . ,"ที่, กับ, ไม่, อยู่, ช่วยกัน, หัวใจ, จึง, อมร, ปั๊ม, นาย"
108,<extra_id_0> ช.ต.ต.,"แล้ว, ค่ะ, วัด, เขา, ทำบุญ, ด้วย, ว่าง, เมย์, เอง, เข้า"
109,<extra_id_0> หวังเจียนหลิน ,"ของ, เจียน, ล้าน, ที่, หวัง, Clark, หลิน, Dick, จีน, การ"
110,<extra_id_0>ลพ.ว. ช.  . - ช. ช. . . . . ,"ฟักทอง, ที่, ให้, ปลูก, กับ, ได้, พันธุ์, ตรง, ถึง, ของ"
111,<extra_id_0> ประชาธิปไตยไทย ,"แม่น้ำ, สาย, ให้, คนดี, ศรีธนญชัย, ไทย, นิยม, เป็น, ใคร, ยุค"
112,<extra_id_0> ล.นาโปลี ,"มัน, ว่า, ของ, ทรยศ, ไม่, สโมสร, ย้าย, เขา, สำนัก, วันที่"
113,<extra_id_0> รัฐสภา เลือกตั้ง เลือกตั้ง . เลือกตั้ง ,"ที่นั่ง, ของ, ได้, พรรค, การ, เธอ, อองซาน, เขต, และ, เอ็นแอลดี"
114,<extra_id_0> ประเทศไทย - ประเทศไทย - โครงการ โครงการ - โครงการ - โครงการ - โครงการ - โครงการ - โครงการ ,"บาท, พร้อม, Resort, Regent, Cha-am, Beach, The, ตัว, กับ, ของรางวัล"
115,<extra_id_0> ง. ตํารวจ กระบี่ ,"ธีระ, อ่าว, นาย, เจ้าหน้าที่, ศักดิ์, บาท, จาก, กระบี่, เตรียม, ชุด"
116,<extra_id_0>ตํารวจ ศพ ศพ ศพ ศพ . . ศพ . . ตํารวจ ม.ก.ศพ. ตํารวจ ตํารวจ ตํารวจ ตํารวจ ตํารวจ ตํารวจ ตํารวจ ตํารวจ ตํารวจ ตํารวจ ตํารวจ ตํารวจ ตํารวจ ตํารวจ ตํารวจ ตํารวจ ตํารวจ ตํารวจ ตํารวจ ตํารวจ ตํารวจ ตํารวจ ตํารวจ ตํารวจ ตํารวจ ตํารวจ ตํารวจ ตํารวจ ตํารวจ ตํารวจ ตํารวจ ตํารวจ ตํารวจ ตํารวจ ตํารวจ ตํารวจ ตํารวจ ตํารวจ ตํารวจ ตํารวจ ตํารวจ ตํารวจ ตํารวจ ตํารวจ ตํารวจ ตํารวจ ศพ. ตํารวจ ศพ. ตํารวจ ศพ. ตํารวจ ศพ. ศพ. ศพ. ศพ. ,"ปาก, พนัง, ถูก, ว่า, คลื่น, ซัด, เป็น, เวลา, ผู้ตาย, และ"
117,<extra_id_0>ภาษีที่ดิน ภาษีที่ดิน ,"บาท, ล้าน, ไม่, การ, เกิน, อัตรา, ที่, ภาษีที่ดิน, เพื่อ, สำหรับ"
118,<extra_id_0> รัฐมน. ธรรมนัส ,"ธรรม, ไม่, เครือข่าย, นายกรัฐมนตรี, จาก, ที่, นัส, และ, เกษตรกร, ว่า"
119,<extra_id_0> ตํารวจ ตํารวจ ตํารวจ . ตํารวจ เมือง . เมือง . . เมือง . เมือง . เมือง . เมือง . . เมือง . เมือง . เมือง . เมือง . เมือง . ตํารวจ ตํารวจ ตํารวจ ตํารวจ ตํารวจ ตํารวจ ตํารวจ ตํารวจ ตํารวจ ตํารวจ ตํารวจ ตํารวจ ตํารวจ ตํารวจ ตํารวจ ตํารวจ ตํารวจ ตํารวจ ตํารวจ ตํารวจ ตํารวจ ตํารวจ ตํารวจ ตํารวจ ตํารวจ ตํารวจ ตํารวจ ตํารวจ ตํารวจ ตํารวจ ตํารวจ ตํารวจ ตํารวจ ตํารวจ ตํารวจ ตํารวจ ตํารวจ ตํารวจ ตํารวจ ตํารวจ ตํารวจ ตํารวจ ตํารวจ ตํารวจ ตํารวจ,"เอกวาดอร์, ที่, แผ่นดินไหว, เม.ย, เมือง, เปเดอร์, เสียหาย, วันที่, เลส, แล้ว"
120,<extra_id_0> ตํารวจ ตํารวจ . ตํารวจ ตํารวจ . ตํารวจ ตํารวจ ตํารวจ ตํารวจ ตํารวจ ตํารวจ ตํารวจ ตํารวจ ตํารวจ ตํารวจ ตํารวจ ตํารวจ ตํารวจ ตํารวจ ตํารวจ ตํารวจ ตํารวจ ตํารวจ ตํารวจ ตํารวจ ตํารวจ ตํารวจ ตํารวจ ตํารวจ ตํารวจ ตํารวจ ตํารวจ ตํารวจ ตํารวจ ตํารวจ ตํารวจ ตํารวจ ตํารวจ ตํารวจ ตํารวจ ตํารวจ ตํารวจ ตํารวจ ตํารวจ ตํารวจ ตํารวจ ตํารวจ ตํารวจ ตํารวจ ตํารวจ ตํารวจ ตํารวจ ตํารวจ ตํารวจ ตํารวจ ตํารวจ ตํารวจ ตํารวจ ตํารวจ ตํารวจ ตํารวจ ตํารวจ ท. ตํารวจ ตํารวจ ตํารวจ ตํารวจ ตํารวจ ตํารวจ ตํารวจ ตํารวจ ตํารวจ ,"ว่า, ได้, ประมาณ, เมื่อ, ห้าง, จึง, อุบลราชธานี, เวลา, ตรวจสอบ, เลือด"
121,<extra_id_0> ม.ต.ต. . ม.ต. . ม.ก.ต.ก. ม.ก.ต. . ม.ต. . . . ,"ขอนแก่น, ทาง, อากาศ, ฝุ่นละออง, ซึ่ง, ของ, ได้, ให้, ว่า, น้ำ"
122,<extra_id_0> ท. ท. มติ มติ มติ มติ มติ มติ มติ มติ มติ มติ มติ มติ มติ มติ มติ มติ มติ มติ มติ มติ มติ มติ มติ มติ มติ มติ มติ มติ มติ มติ มติ มติ มติ มติ มติ มติ มติ มติ มติ มติ มติ มติ มติ มติ มติ มติ มติ มติ มติ มติ มติ มติ มติ มติ มติ มติ มติ มติ มติ มติ มติ มติ มติ มติ มติ มติ มติ มติ มติ มติ มติ,"ประเทศ, มติ, ออกเสียง, เยรูซาเล็ม, ดังกล่าว, นคร, ชาติ, ที่, เห็นชอบ, ใหญ่"
123,<extra_id_0> รัฐ รายงานข่าว รายงาน . . . . . ,"ผู้, ไม่, ยัง, ติดเชื้อ, ที่, ว่า, และ, การ, อินโดนีเซีย, ระบุ"
124,<extra_id_0>ต. . ม.ต. . ม.ก. . นายก. .,"ชุมนุม, การ, และ, ครม, การประชุม, ที่จะ, ตำรวจนครบาล, ยืนยัน, กับ, ได้"
125,<extra_id_0> ล.ต.ง.,"ของ, สเปน, Admiral, ได้, รัสเซีย, ที่, เลป, Kuznetsov, การ, เมือ"
126,<extra_id_0> ตํารวจ ตํารวจ - ตํารวจ - ตํารวจ - ตํารวจ - ตํารวจ - ตํารวจ - ตํารวจ - ตํารวจ - ตํารวจ - ตํารวจ - ตํารวจ - ตํารวจ - ตํารวจ - ตํารวจ - ตํารวจ ตํารวจ - ตํารวจ ตํารวจ - ตํารวจ ตํารวจ - ตํารวจ ตํารวจ - ตํารวจ ตํารวจ - ตํารวจ ตํารวจ - ตํารวจ ตํารวจ - ตํารวจ ตํารวจ - ตํารวจ ตํารวจ - ตํารวจ ตํารวจ ตํารวจ ม. ตํารวจ ตํารวจ ตํารวจ ตํารวจ ตํารวจ ตํารวจ ตํารวจ ตํารวจ ตํารวจ ตํารวจ ตํารวจ ตํารวจ ตํารวจ ,"หมุด, คณะราษฎร, หาย, ที่, และ, ติดตาม, นาย, มหาวิทยาลัย, ขอให้, เริง"
127,<extra_id_0> ล. . ล.,"ที่, ว่า, ของ, ประตู, ได้, เรา, แชมเปียนส์, ลีก, สิ่ง, ลาลีกา"
128,<extra_id_0> ลูก ลูก ลูก ลูก . น้องพง.,"ลูก, เขา, อะไร, พลอย, เรา, แล้ว, ที่, วันเกิด, ได้, มัน"
129,<extra_id_0> ลิเวอร์พูล หงส์ ลิเวอร์พูล ,"ทีม, นัด, ตัว, รายงาน, ลิเวอร์พูล, กำลัง, เบย์, ของ, นี้, แล้ว"
130,<extra_id_0> .. . . . ม. . ม. . . .,"วงการ, บันเทิง, ที่, ผลงาน, ได้, ดอก, ส้ม, เมื่อ, เรื่อง, รับรางวัล"
131,<extra_id_0> ตํารวจต.ต.ต. ตํารวจ ตํารวจ ตํารวจ ตํารวจ ตํารวจ ตํารวจ ตํารวจ ตํารวจ ตํารวจ ตํารวจ ตํารวจ ตํารวจ ตํารวจ ตํารวจ ตํารวจ ตํารวจ ตํารวจ ตํารวจ ตํารวจ - ตํารวจ ตํารวจ - ตํารวจ ตํารวจ ตํารวจ ตํารวจ - ตํารวจ ตํารวจ ตํารวจ ตํารวจ - ตํารวจ ตํารวจ ตํารวจ ตํารวจ ตํารวจ - ตํารวจ ตํารวจ ตํารวจ ตํารวจ ตํารวจ ตํารวจ - ตํารวจ ตํารวจ ตํารวจ ตํารวจ ตํารวจ ตํารวจ ตํารวจ ตํารวจ ตํารวจ ตํารวจ ตํารวจ ตํารวจ ตํารวจ ตํารวจ ตํารวจ ตํารวจ ตํารวจ ตํารวจ ตํารวจ ตํารวจ ตํารวจ ตํารวจ ตํารวจ ตํารวจ,"และ, กลุ่ม, ที่, ตำรวจ, ว่า, ความปลอดภัย, ดำรง, วันนี้, ทุก, ประเทศ"
132,<extra_id_0> กทม. เขต กทม. เขต กทม...,"เขต, ถนน, สาย, จำกัด, พื้นที่, บริษัท, และ, บาง, ประมาณ, ของ"
133,<extra_id_0> เด็ก เด็ก เด็ก ,"ที่, ว่า, การ, เด็ก, บุ๊ค, สำหรับ, เด็กผู้หญิง, หนังสือ, โครงการ, เด็กผู้ชาย"
134,<extra_id_0> ทีมชาติไทย . ทีมชาติไทย . ทีมชาติไทย,"อันดับ, กลุ่ม, สอง, สุด, แชมป์, ทีม, ที่, ชาติ, สุดท้าย, ไทย"
135,<extra_id_0> ตร. ตร. ศอ. ศอ. ศอ.,"ชุมนุม, การ, ตำรวจ, ผู้, ได้, กลุ่ม, ด้านหน้า, ประชาชน, ที่, สำนักงานตำรวจแห่งชาติ"
136,<extra_id_0> ตร. ตํารวจ ตร. ตํารวจ ตํารวจ ตํารวจ ตํารวจ ตํารวจ ตํารวจ ตํารวจ ตํารวจ ตํารวจ ตํารวจ ตํารวจ ตํารวจ ตํารวจ ตํารวจ ตํารวจ ตํารวจ ตํารวจ ตํารวจ ตํารวจ ตํารวจ ตํารวจ ตํารวจ ตํารวจ,"การ, นาย, ไม่, วงษ์, โอน, หุ้น, ที่, ยิน, ยัง, ว่า"
137,<extra_id_0> ตร.ม. ตร. . . ตํารวจ ตํารวจ ตํารวจ ตํารวจ ตํารวจ ตํารวจ ตํารวจ ตํารวจ ตํารวจ ตํารวจ ตํารวจ ตํารวจ ตํารวจ ตํารวจ ตํารวจ ตํารวจ ตํารวจ ตํารวจ ตํารวจ ตํารวจ ตํารวจ ตํารวจ ตํารวจ ตํารวจ ตํารวจ ตํารวจ ตํารวจ ตํารวจ ตํารวจ ตํารวจ ตํารวจ ตํารวจ ตํารวจ ตํารวจ ตํารวจ ตํารวจ ตํารวจ ตํารวจ ตํารวจ ตํารวจ ตํารวจ ตํารวจ ตํารวจ ตํารวจ ตํารวจ ตํารวจ ตํารวจ ตํารวจ ตํารวจ ตํารวจ ตํารวจ ตํารวจ ตํารวจ ตร. ตํารวจ ตํารวจ ตํารวจ ตํารวจ ตํารวจ ตํารวจ ตํารวจ ตํารวจ ตํารวจ ตํารวจ ตํารวจ ตํารวจ ตํารวจ ,"ตู้, ว่า, สินค้า, ที่, และ, ดังกล่าว, ชาว, ยาเสพติด, จีน, เป็น"
138,<extra_id_0> ณ . ม. ม. ม.,"ทรง, ของ, เป็น, อภิ, ว่า, วัฒน์, พระ, และ, ที่, ไม่"
139,<extra_id_0> ล. น้ํา. น้ํา . น้ํา . น้ํา น้ํา น้ํา . น้ํา น้ํา น้ํา น้ํา น้ํา . น้ํา น้ํา น้ํา น้ํา น้ํา น้ํา . น้ํา น้ํา น้ํา น้ํา น้ํา . น้ํา น้ํา น้ํา น้ํา น้ํา . น้ํา น้ํา น้ํา น้ํา น้ํา น้ํา น้ํา น้ํา . น้ํา น้ํา น้ํา น้ํา น้ํา น้ํา น้ํา น้ํา น้ํา น้ํา น้ํา . น้ํา น้ํา น้ํา น้ํา น้ํา น้ํา น้ํา น้ํา น้ํา น้ํา น้ํา น้ํา น้ํา น้ํา น้ํา น้ํา น้ํา,"น้ำ, ใช้, ล้าน, ที่, เขื่อน, แม่, การ, ต้อง, เชียงใหม่, ว่า"
140,<extra_id_0> ด.. ยูไนเต็ด ,"บุรีรัมย์, ที่, ยูไนเต็ด, ดอร์ทมุนด์, สโมสร, ของ, การ, เป็น, และ, ทีม"
141,<extra_id_0> ค. . ค. . ค... ค.ต... . ค... ค... ค.ก. . ค.. . ค. . . ค. . ค. . ค. . ค. . ค. . ค. . ค. . ค. . ค. . ค. . ค. . ค.ก. . ค.ก. . . . . . . . . . . . . ค.,"เป็น, สำนัก, ตะคร้อ, วัด, หลวงพ่อ, ของ, เทพารักษ์, ประธาน, แช่ม, และ"
142,<extra_id_0> ศพ. . ศพ.,"จิร, นาย, วิทย์, กับ, นครศรีธรรมราช, เมือง, ว่า, บ้าน, ผูกคอตาย, และ"
143,<extra_id_0> ตํารวจ . .,"ที่, อุดรธานี, คนร้าย, ชุมชน, เมือง, ได้, และ, ก่อเหตุ, ตำรวจ, ไม่"
144,<extra_id_0> ประธานาธิบดี ม.ก. . นายก . . นายก . นายก . นายก . นายก . นายก . นายก . นายก . นายก . นายก . นายก . นายก . นายก . นายก . นายก . นายก .ก.พ. นายก .ก.ก.ก.ก.ก.ก.ก.ก.ก.ก.ก.ก.ก.ก. . . นายก .ก.ก. . นายก .ก.ก.ก.ก.ก.ก.ก.ก. ,"เวเนซุเอลา, ของ, ได้, เมื่อ, นาย, ว่า, ชาว, สหรัฐฯ, ที่, โดย"
145,<extra_id_0> น้อง ม. . . . ,"ไม่, แอน, เลย, ว่า, หัวเราะ, เรา, คุณ, แล้ว, กับ, เค้า"
146,<extra_id_0> ศาล ล. ศาล ล. ค.ต. ค. . ,"ที่, ทอง, และ, งิ้ว, อ่าง, วันที่, ต้น, ว่า, ได้, ถวาย"
147,<extra_id_0> เลือกตั้ง เลือกตั้ง เลือกตั้ง เลือกตั้ง เลือกตั้ง เลือกตั้ง เลือกตั้ง เลือกตั้ง เลือกตั้ง เลือกตั้ง เลือกตั้ง เลือกตั้ง เลือกตั้ง เลือกตั้ง เลือกตั้ง เลือกตั้ง เลือกตั้ง เลือกตั้ง เลือกตั้ง เลือกตั้ง เลือกตั้ง เลือกตั้ง เลือกตั้ง เลือกตั้ง เลือกตั้ง เลือกตั้ง เลือกตั้ง เลือกตั้ง เลือกตั้ง เลือกตั้ง เลือกตั้ง เลือกตั้ง เลือกตั้ง เลือกตั้ง เลือกตั้ง เลือกตั้ง เลือกตั้ง เลือกตั้ง เลือกตั้ง เลือกตั้ง เลือกตั้ง เลือกตั้ง เลือกตั้ง เลือกตั้ง เลือกตั้ง เลือกตั้ง เลือกตั้ง เลือกตั้ง เลือกตั้ง เลือกตั้ง เลือกตั้ง เลือกตั้ง เลือกตั้ง เลือกตั้ง เลือกตั้ง เลือกตั้ง เลือกตั้ง เลือกตั้ง เลือกตั้ง เลือกตั้ง เลือกตั้ง เลือกตั้ง เลือกตั้ง เลือกตั้ง เลือกตั้ง เลือกตั้ง เลือกตั้ง เลือกตั้ง เลือกตั้ง เลือกตั้ง เลือกตั้ง เลือกตั้ง พรรคเลือกตั้ง ,"ว่า, ร้อยละ, ระบุ, ประชาชน, ไม่, ของ, ต่าง, ทราบ, พรรค, บัตรลงคะแนน"
148,<extra_id_0> ช. ม. . . . . ,"ปรุง, สำเร็จ, ควบคุมราคา, อาหาร, กิตติ, รัตน์, ระนอง, ยอมรับ, ทำได้, ราคา"
149,<extra_id_0>ป.ช... กรรมการป.ป.ช..ป. . . . ,"การ, กรรมการ, ล้าน, ไม่, ได้, ว่า, นายก, รงค์, คณะ, ไต่สวน"
150,<extra_id_0> ด..,"ที่, วัย, ของ, ไม่, ทั้ง, หนัง, NYFW, Magazine, Thor, Mothers"
151,<extra_id_0> พรรคประชา . พรรคประชา . พรรค . พรรค . พรรค . . . . . . . . . . ,"ไม่, นาย, การ, ฝ่ายค้าน, ว่า, ที่, และ, อภิปราย, ได้, ใช้"
152,<extra_id_0> เลือกตั้ง . . ,"ไม่, ได้, ที่, ของ, การ, ว่า, และ, เป็น, ให้, แต่"
153,<extra_id_0>พระบรม ม. . ศ. ม. ม. . ศ. ,"พระ, บาท, สมเด็จ, ที่, พระเจ้าอยู่หัว, ของ, ภาพ, ได้, เก็บ, บรม"
154,<extra_id_0> .. . . . . . - . . . . .  . . . . . . . . . . . . . . . . . . . . . . . . . . . . . . . . . . . . . . . . . . . . . . . . . . . . . . ,"ที่, Open, และ, Address, Fine, Dining, ว่า, ไม่, สาทร, กรุงเทพฯ"
155,<extra_id_0> .. . . . . ,"Hot, Edition, Samyang, ชัน, Tony, Moly, ที่, ของ, บะหมี่, และ"
156,<extra_id_0> นักกีฬา - นักกีฬา - . ,"นี้, งาน, เป็น, ได้, เรา, Toad, สามารถ, รูปแบบ, เล่น, กัน"
157,<extra_id_0> ประเทศไทย ประเทศไทย กระทรวงการ.ต. . รัฐ กระทรวง . . ม.ก. . . . . . .,"การ, ที่, ไม่, ดิจิทัล, และ, COVID, ของ, ออนไลน์, ว่า, ใช้"
158,<extra_id_0> ม.ม. . ม. ม. ม. ม. ม.ม.ม. ม.ม.ม. ม. ม.ม. ม.ม. ม.ม. ม.ม. ม.ม. ม.ม. ม.ม. ม.ม. ม.ม. ม.ม. ม.ม. ม.ม. ม.ม. ม.ม. ม.ม. ม. ม.ม. ม.ม. ม.ม. ม.ม. ม. ม. ม.ม.ม. ,"เรา, แล้ว, ว่า, อาร์ม, กัน, ที่, ค่ะ, การ์ด, น้ำฝน, ครับ"
159,<extra_id_0>ต.ต.ต. ท. ,"นาย, ที่, แก่ง, กระจาน, และ, หายตัว, ภาพ, โดย, บิล, ลี่"
160,<extra_id_0> ท. . . . ท. ม. ม. ม. ม. ม. ม. ม. ม. ม. ม. ม. ม. ม. ม. ม. ม. ม. ม. . . . . . . . . . . . . . . . . . . . . . . . . . . . . . ม. . . ม. ท.. ม. ท.. ม.,"ที่, ของ, และ, การ, ไม่, ว่า, เป็น, เรื่อง, ได้, นี้"
161,<extra_id_0> ประชาธิปไตย รัฐธรรมนูญ รัฐธรรมนูญ รัฐธรรมนูญ รัฐธรรมนูญ รัฐ . รัฐธรรมนูญ รัฐธรรมนูญ รัฐ ม. . รัฐธรรมนูญ รัฐธรรมนูญ รัฐธรรมนูญ รัฐธรรมนูญ รัฐธรรมนูญ รัฐธรรมนูญ รัฐธรรมนูญ รัฐธรรมนูญ รัฐธรรมนูญ รัฐธรรมนูญ รัฐธรรมนูญ รัฐธรรมนูญ รัฐธรรมนูญ รัฐธรรมนูญ รัฐธรรมนูญ รัฐธรรมนูญ รัฐธรรมนูญ รัฐธรรมนูญ รัฐธรรมนูญ รัฐธรรมนูญ รัฐธรรมนูญ รัฐธรรมนูญ รัฐธรรมนูญ รัฐธรรมนูญ รัฐธรรมนูญ รัฐธรรมนูญ รัฐธรรมนูญ รัฐธรรมนูญ รัฐธรรมนูญ รัฐธรรมนูญ รัฐธรรมนูญ รัฐธรรมนูญ รัฐธรรมนูญ รัฐธรรมนูญ รัฐธรรมนูญ รัฐธรรมนูญ รัฐธรรมนูญ รัฐธรรมนูญ รัฐธรรมนูญ รัฐธรรมนูญ รัฐธรรมนูญ รัฐธรรมนูญ รัฐธรรมนูญ รัฐธรรมนูญ รัฐธรรมนูญ รัฐธรรมนูญ รัฐธรรมนูญ รัฐธรรมนูญ รัฐธรรมนูญ รัฐธรรมนูญ รัฐธรรมนูญ รัฐธรรมนูญ รัฐธรรมนูญ รัฐธรรมนูญ รัฐธรรมนูญ รัฐธรรมนูญ รัฐธรรมนูญ รัฐธรรมนูญ รัฐธรรมนูญ ,"ที่, เป็น, เรา, แต่, ไม่, อานันท์, สังคม, ว่า, ต้อง, คุณ"
162,<extra_id_0> .. . . . . . . . . . . . . .,"เยิร์น, ที่, จังหวะ, บอล, จาก, เข้า, เปิด, เป็น, นาที, ให้"
163,<extra_id_0> ตํารวจ ตร. ตํารวจ ตร.  ตํารวจ ตํารวจ ตํารวจ ตํารวจ ตํารวจ ตํารวจ ตํารวจ ตํารวจ ตํารวจ ตํารวจ ตํารวจ ตํารวจ ตํารวจ ตํารวจ ตํารวจ ตํารวจ ตํารวจ ตํารวจ ตํารวจ ตํารวจ ตํารวจ ตํารวจ ตํารวจ ตํารวจ ตํารวจ ตํารวจ ตํารวจ ตํารวจ ตํารวจ ตํารวจ ตํารวจ ตํารวจ ตํารวจ ตํารวจ ตํารวจ ตํารวจ ตํารวจ ตํารวจ ตํารวจ ตํารวจ ตํารวจ ตํารวจ ตํารวจ ตํารวจ ตํารวจ ตํารวจ ตํารวจ ตํารวจ ตํารวจ ตํารวจ ตํารวจ ตํารวจ ตํารวจ ตํารวจ ตํารวจ ตํารวจ ตํารวจ ตํารวจ ตํารวจ ตํารวจ ตํารวจ ตํารวจ ตํารวจ ตํารวจ ตํารวจ ตํารวจ ตํารวจ ตํารวจ ,"ราย, รถจักรยานยนต์, ที่เกิดเหตุ, และ, อยู่, ข้างทาง, ได้, ด้าน, หลวง, ซ้าย"
164,<extra_id_0> สมาคมนักข่าว แห่งประเทศไทย ฯ . ,"รางวัล, ข่าว, และ, หนังสือพิมพ์, สารคดี, พร้อม, ผลงาน, ประเทศ, บาท, โล่"
165,<extra_id_0> ม.ท.ก. ศาล ม.ก. ม.ก.ก.ต.ง. ม.ก.ก. ม.ก.ก.ก. ม.ก.ก. ม.ก.ก. ม.ก.ก. ม.ก. ม.ก.ก. ม. ,"และ, ได้, ควัน, จึง, ไฟป่า, หมอก, ลำพูน, ป่า, เผา, ที่"
166,<extra_id_0> กสทช.. ม. กสท.. ม. . . . . . . . . . . . . . . . . . . . . . . . . . . . . . . . . . . . . . . . . . . . . . . . . . . . . . . . . . . . . . . . . . ,"ดูแล, การกำกับ, การ, เนื้อหา, ที่, และ, ของ, โดย, ไม่, ประกาศ"
167,<extra_id_0> เครื่องบิน บิน บิน เครื่องบิน บิน บิน เครื่องบิน บิน บิน บิน บิน เครื่องบิน บิน บิน บิน บิน ตํารวจ ม.กง.,"นาย, ของ, ลูบิตซ์, นักบิน, ว่า, ห้อง, และ, เที่ยวบิน, เทือกเขา, เครื่องบิน"
168,<extra_id_0> ททศ.. ท.ศ... ม. .,"ที่, นักเรียน, วันที่, สอบ, นาย, ถูก, โอเน็ต, ข้อ, การ, ให้"
169,<extra_id_0>ร่างกฎหมาย รัฐธรรมนูญ ม. . นายก . นายก . นายก . นายก . ,"ได้, และ, ที่, สื่อมวลชน, ให้, ว่า, ไม่, ร่าง, กฎหมาย, การ"
170,<extra_id_0> ศาส. ศ. ศ. ,"การ, CPR, ที่, และ, ได้, AED, นักศึกษา, เป็น, โดย, ให้"
171,<extra_id_0> ช.ค. . คส. ค. . ,"ที่, การ, และ, ของ, เศรษฐกิจ, ได้, เป็น, ว่า, เดือน, โดย"
172,<extra_id_0>ผู้ติดเชื้อ ผู้ป่วยที่ติดเชื้อ ,"การ, COVID, ตรวจ, ขั้นตอน, ที่, และ, จาก, ไม่, กลุ่ม, อาการ"
173,<extra_id_0> นายก ม.ต. ม.ต. ม. ม. ม. ม. ม. ม. ม. ม. ม. ม. ม. ม. ม. ม. ม. ม. ม. ท. ,"ว่า, และ, ให้, ช้าง, หาง, ทีม, ด้วน, แจ้ง, นาง, อรุณ"
174,<extra_id_0> .. . . . ,"Road, Ultra, Avicii, ดีเจ, คลิก, ฟัง, อัลต, ร้า, ไทยแลนด์, ซี่"
175,<extra_id_0> เยาวชน รัฐ วิสาง รัฐ วิสาง รัฐ วิสาง รัฐ ,"ร้อยละ, พนัน, การ, และ, เล่น, ว่า, ที่, กลุ่ม, บอล, โดย"
176,<extra_id_0> ล.ต.ต. ล. ล. ล. ล. ล. ล. ล. ล. ล. ล. ล. ล. ล. ล. ล. ล. ล. ล. ล. ล. ล. ล. ล. ล. ล. ล. ล. ล. ล. ล. ล. ล. ล. ล. ล. ล. ล. ล. ล. ล. ล. ล. ล. ล. ล. ล. ล.,"ระเบิด, เด็ก, กรกฎาคม, มวยไทย, เป็น, ที่, โด้, มุม, แดง, การแข่งขัน"
177,<extra_id_0> - . . . . - . - ,"ก้าว, โรงพยาบาล, เบตง, วิ่ง, คนละ, ที่, โครงการ, ยะลา, และ, บริจาค"
178,<extra_id_0> ตร.ม. .,"ว่า, เป็น, ใช้, ที่, ผู้ตาย, และ, ไม่, พี่สาว, บ้าน, จึง"
179,<extra_id_0>การ . . . ,"เรา, ที่, ครับ, ขาย, ว่า, แล้ว, จริง, หมายเลข, ไม่, กัน"
180,<extra_id_0> สมาคมกีฬาไทย . สมาคมกีฬาไทย . สมาคมกีฬาไทย . ทีมชาติไทย . ทีมชาติไทย . ทีมชาติไทย . ทีมชาติไทย . ทีมชาติไทย . ทีมชาติไทย . สมาคม กีฬา สมาคม กีฬา สมาคม สมาคม กีฬาไทย สมาคม สมาคม สมาคม สมาคม สมาคม สมาคม สมาคม สมาคม สมาคม สมาคม สมาคม สมาคม สมาคม สมาคม สมาคม สมาคม สมาคม สมาคม สมาคม สมาคม สมาคม สมาคม สมาคม สมาคม สมาคม สมาคม สมาคม สมาคม สมาคม สมาคม สมาคม สมาคม สมาคม สมาคม สมาคม สมาคม สมาคม สมาคม สมาคม สมาคม สมาคม สมาคม ,"ตะกร้อ, ปัค, การแข่งขัน, ไทย, ทีม, ประเภท, โดย, นี้, ประเทศ, ที่"
181,<extra_id_0> ตร. ตํารวจ ,"ทับ, เจ้าหน้าที่, รื้อถอน, ที่, ได้, และ, นาย, ให้, เบิก, ชาวบ้าน"
182,<extra_id_0> ตํารวจ ตํารวจ ตํารวจ ตํารวจ ตํารวจ ตํารวจ ตํารวจ ตํารวจ ตํารวจ ตํารวจ ตํารวจ ตํารวจ ตํารวจ ตํารวจ ม. . . ,"นครชัยศรี, หมู่, จึง, ท้าย, อยู่, รถจักรยานยนต์, รถเก๋ง, ที่, เมื่อ, เวลา"
183,<extra_id_0> ด.. . . . . .  . . . . . . . . . . . . . . . . . . . . . . . . . . . . . . . . . . . . . . . . . . . . . . . . . . . . . . . . . . . . . . . . . . ,"ที่, เป็น, เกม, นี้, รีล, มาดริด, และ, เวน, ก่อน, นัด"
184,<extra_id_0> จ. . . . . . . น้ํา  . . . . . . . . . . . . . . . . . . . . . . . . . . . . . . . . . . . . . . . . . . . . . . . . . . . . . . . . . . . . . . . . . ,"น้ำ, มูล, แม่น้ำ, ที่, โขง, เขื่อน, ของ, และ, เป็น, ให้"
185,<extra_id_0> ท. ค. . ค. . ค. . . . . . . . . . . . . . . . . . . . ,"คลินตัน, ว่า, ของ, เมื่อ, สหรัฐฯ, เอฟบีไอ, อีเมล, ทรัมป์, หลัง, ส่วน"
186,<extra_id_0> ท... ค.. ค. ค. ค. ค. ค. ค. ค. ค. ค. ค. ค. ค. ค. ค. ค. ค. ค. ค. ค. ค. ค. ค. ค. ค. ค. ค. ค. ค. ค. ค. ค. ค. ค. ค. ค. ค. ค. ค. ค. ค. ค. ค. ค. ค. ค. ค. ,"คิง, กีตาร์, ที่, ของ, การ, และ, ให้, ดนตรี, เขา, มือ"
187,<extra_id_0> รัฐ เศรษฐกิจไทย เศรษฐกิจไทย .,"เศรษฐกิจ, และ, ให้, กว่า, ไทย, อยาก, ว่า, มาก, ที่, ประเทศ"
188,<extra_id_0> เด็ก ม.ก. ,"อายุ, นาย, ทอง, เป็น, เทพ, ที่, พัทยา, วันที่, ช่วยเหลือ, บ้าน"
189,<extra_id_0> ท.ก. . ท.ก. .,"โจทก์, เป็น, ได้, มิ.ย, ที่, วันที่, ศาล, พยาน, นัด, จำเลย"
190,<extra_id_0> ตร. ตร. ตร. ตร. ตร. ตร. ตร. ตร. . ,"ได้, อาคาร, จึง, และ, ตรวจสอบ, ช่วง, เมื่อ, ทาง, รอย, ลาดพร้าว"
191,<extra_id_0> ช. ม. รัฐธรรมนูญ ช . . . . . . . . . . . . . . . . . . . . . . . . ,"และ, การ, ของ, ที่, ไม่, ได้, รัฐ, เป็น, ผลกระทบ, อดีต"
192,<extra_id_0> ท.ธ.. ค... ท. ท. ท. ท. ท.,"การ, ที่, กระบวนการยุติธรรม, และ, ต้นทุน, ใช้, ของ, คดี, ไม่, ได้"
193,<extra_id_0> แรงงาน . . . . . . ม. . .,"งาน, ทำงาน, บาท, หรือ, และ, ที่, หลอกลวง, การ, ชักชวน, ผู้เสียหาย"
194,<extra_id_0> ของ ตลาด ตลาด ตลาด . . . ,"Glossier, ที่, การ, ของ, แบรนด์, ให้, ได้, ด้วย, สินค้า, ร้าน"
195,<extra_id_0> . พรรค เลือกตั้ง พรรค พรรค พรรค พรรค พรรค พรรค พรรค พรรค พรรค พรรค พรรค พรรค พรรค พรรค พรรค พรรค พรรค พรรค พรรค พรรค พรรค พรรค พรรค พรรค พรรค พรรค พรรค พรรค พรรค พรรค พรรค พรรค พรรค พรรค พรรค พรรค พรรค พรรค พรรค พรรค พรรค พรรค พรรค พรรค พรรค พรรค พรรค พรรค พรรค พรรค พรรค พรรค พรรค พรรค พรรค พรรค พรรค พรรค พรรค พรรค พรรค พรรค พรรค พรรค พรรค พรรค พรรค พรรค พรรค พรรค พรรค,"นาย, การ, นเดอร์ส, ที่, กับ, วันที่, สหรัฐฯ, ว่า, ไม่, ของ"
196,<extra_id_0>     ,"จีน, ที่, Sina, Weibo, ออก, ไม่, นักท่องเที่ยว, ชาว, ร้อง, ของ"
197,<extra_id_0> ท.ต.อ.ต.ต. ,"ที่ดิน, การ, ที่, ชายแดน, ของ, จังหวัด, และ, ชาวบ้าน, ล้าน, ปัญหา"
198,<extra_id_0> ท.ต.ต. ท.ก. ,"และ, จตุพร, คู่กรณี, ของ, ให้, ว่า, เดินทาง, วิชชา, ศาลา, นาย"
199,<extra_id_0> นโยบาย นโยบาย นโยบาย นโยบาย นโยบาย นโยบาย นโยบาย นโยบาย นโยบาย นโยบาย นโยบาย นโยบาย นโยบาย นโยบาย นโยบาย นโยบาย นโยบาย นโยบาย นโยบาย นโยบาย นโยบาย นโยบาย . . . . . ,"ที่, อาหาร, ผู้บริโภค, และ, การ, เกษตรกร, ประเทศ, ไม่, ของ, จาก"
200,<extra_id_0> ตร.ม. ตร. ตํารวจ ตร. ตร. ,"นาย, และ, หมายจับ, ผู้ต้องหา, คือ, ว่า, การ, ปริญญา, ไม่, จาก"
201,<extra_id_0> พรรคการเมืองการ . . พรรค . พรรค . พรรค . . . พรรค . . . . พรรค . . . . พรรค . . . . พรรค . . . . พรรค . . . . พรรค . . . . พรรค . . . . พรรค . . . . พรรค . . .  . . . . . . . . . . . . . . . . . ,"บรรหาร, ศิลป, ที่, อาชา, และ, เป็น, สุพรรณ, ได้, ไทย, ผู้"
202,<extra_id_0> จ.นครพนม - น้ํา - น้ํา - น้ํา - น้ํา . เมือง . เมือง . เมือง . . เมือง . . . . . . . - . . . . . . . . - . . . . . . . . . . . . . . . . . . . - . . . . . . . . . . . . . . . . . ,"ถนน, ที่, นครพนม, น้ำท่วม, ได้, อุดรธานี, เกิด, ท่วม, เข้า, น้ำ"
203,<extra_id_0>. . ช..,"สัตว์ป่า, และ, ได้, ยึด, คดี, เกี่ยวกับ, อีก, ซาก, ที่, อุทยานแห่งชาติ"
204,<extra_id_0>รถเก๋งสีบรอค . . . .,"รถเก๋ง, ที่, บรอนซ์, เงิน, ขับ, ถนน, คลิป, ว่า, พี่ชาย, แล้ว"
205,<extra_id_0> ศ. ม.ค. ม. ม. ศ. ศ. ศ. ศ. ศ. ศ. ศ. ศ. ศ. ศ. ศ. ศ. ศ. ศ. ศ. ศ. ศ. ศ. ศ. ศ. ศ. ศ. ศ. ศ. ศ. ศ. .,"วันที่, นิทรรศการ, ที่, ออกแบบ, จัด, และ, จัดแสดง, เมรุมาศ, การ, นี้"
206,<extra_id_0> ราช . . . . .,"สัมมนา, และ, ที่, ออกแบบ, ส่วน, ทางหลวง, ธนบุรี, โครงการ, ตอน, หมายเลข"
207,<extra_id_0> ล.ก.ล.,"ชาวบ้าน, ที่, เหมืองแร่, และ, ทองคำ, ว่า, ให้, จังหวัด, คูปอง, เพื่อ"
208,<extra_id_0>การดื่มกาแฟในปริมาณที่ นักดื่มกาแฟในปริมาณที่ . ,"ดื่ม, กาแฟ, ที่, การ, ไม่, ของ, คุณ, ต่อ, ว่า, ร่างกาย"
209,<extra_id_0> ของภาพ ของภาพ . . ,"ที่, ของ, เป็น, Foreground, Background, ส่วน, เรา, ภาพ, และ, ความทรงจำ"
210,<extra_id_0> กทม.. กทม.,"กทม, ที่, ของ, และ, นาย, การ, ไม่, อมร, ลาน, งบประมาณ"
211,<extra_id_0> ท.ส.ก.ก. ,"ของ, ซูจี, แอม, อองซาน, เมียนมา, การ, เนสตี้, ได้, ปกป้อง, นาง"
212,<extra_id_0> ชนะ ชนะ . . ทีมชาติไทย . ทีมชาติไทย . ทีมชาติไทย . ทีมชาติไทย . ทีมชาติไทย . ทีมชาติไทย . ทีมชาติไทย . ทีมชาติไทย . ทีมชาติไทย . ทีมชาติไทย . ทีมชาติไทย . ทีมชาติไทย . ทีมชาติไทย . ทีมชาติไทย . ทีมชาติไทย . ทีมชาติไทย . ทีมชาติไทย . ทีมชาติไทย . ทีมชาติไทย . ทีมชาติไทย . ทีมชาติไทย . ทีมชาติไทย . ทีมชาติไทย . ทีมชาติไทย . ทีมชาติไทย . ทีมชาติไทย . ทีมชาติไทย . ทีมชาติไทย. ,"ทีม, ของ, เรา, โต๊ะ, เล็ก, ไฮเวย์, วันที่, มิ.ย, ที่, กรมทางหลวง"
213,<extra_id_0> .. ม. ม. ม. ม. ม. ม. ม. ม. ม. ม. ม. ม. ม. ม. ม. ม. ม. ม. ม. ม. ม. ม. ม. ม. ม. ม. ม. ม. ม. ม. ม. ม. ม. ม. ม. ม. ม. ม. ม. ม. ม. ม. ม. ม. ม. ม. ม. ม. ,"ได้, และ, เจ้าชาย, ของ, พระ, เจ้าหญิง, น้อย, เป็น, ทรง, อีกด้วย"
214,<extra_id_0> ตํารวจจราจร . ตร. ตํารวจ ตํารวจ ตร. ตํารวจ ตร. ตํารวจจ. ตร. ตํารวจจ. ตร. ตร. ตร. ตร. ตร. ตร. ตร. ตร. ตร. ตร. ตร. ตร. ตร. ตร. ตร. ตร. ตร. ตร. ตร. ตร. ตร. ตร. ตร. ตร. ตร. ตร. ตร. ตร. ตร. ตร. ตร. ตร. ตร. ตร. ตร. ตร. ตร. ตร. ,"ระบบ, ตำรวจ, เครื่องยนต์, ใช้, น้ำมันเชื้อเพลิง, และ, ช่าง, ที่, จอด, โตโยต้า"
215,<extra_id_0> มูลนิธิปวีณาฯ คดี คดี คดี ,"ปวีณา, และ, มูลนิธิ, ราย, ทำร้ายร่างกาย, ถูก, ที่, จาก, ปัญหา, ร้องทุกข์"
216,<extra_id_0> ด.. . ปืนใหญ่ ,"ที่, อาร์เซนอล, วัตฟอร์ด, แมนเชสเตอร์, ยูไนเต็ด, ด้วย, ให้, ประตู, รอน, แรม"
217,<extra_id_0> สาว . สาว . สาว . สาว . สาว . สาว . สาว . สาว . สาว . สาว . สาว . สาว . สาว . สาว . สาว . สาว . สาว . สาว . สาว . สาว . สาว . สาว . สาว . สาว . สาว . สาว . สาว . สาว . . สาว . สาว . สาว . สาว . สาว . สาว . สาว . สาว สาว .,"เธอ, แคมปัส, ไม่, อันดับ, พี่, เรา, นี้, กัน, กับ, ว่า"
218,<extra_id_0> เลือกตั้ง . . เลือกตั้ง . . . .,"ไม่, ว่า, ที่, ได้, การ, นาย, ของ, ให้, และ, เป็น"
219,<extra_id_0> สหรัฐฯ ท. ม.ค. ท. ม.ค. . ม.ค. . ม.ก. . . ,"และ, โจมตี, การ, กรุงคาบูล, ไม่, ตาลีบัน, อัฟ, เอส, ที่, ว่า"
220,<extra_id_0> รพ. รพ.,"ที่, ของ, และ, ว่า, ได้, เป็น, กับ, ให้, ไม่, การ"
221,<extra_id_0> ว. แฮมิลตัน ท.,"กับ, ที่, ของ, และ, ที่จะ, มัน, เซียง, ให้, นี้, ก็ได้"
222,<extra_id_0> ธีรพันธ์ ,"เรา, เขา, ที่, มัน, ไม่, ว่า, เป็น, ได้, อยาก, และ"
223,<extra_id_0> กรมทางหลวง . โครงการ โครงการ . โครงการ . โครงการ . โครงการ . ค.ก.ก. โครงการ . โครงการ . โครงการ . โครงการ . โครงการ . โครงการ . โครงการ . โครงการ . โครงการ . โครงการ . โครงการ . โครงการ . โครงการ . โครงการ . โครงการ .ก.ก.ก.ก.ก. ,"ขยาย, ถนน, ปรับ, การ, ทาง, ออกแบบ, ผิวถนน, เส้น, สัญจร, ประเมิน"
224,<extra_id_0> ศาล กรม กรม .ก. . ม.ก. ,"ให้, อาสา, นั่ง, ภาพ, กู้ภัย, ที่, ของ, วันที่, อุดรธานี, รถตู้"
225,<extra_id_0> ช.ต. . ช.ก.,"ให้, และ, วัน, ผู้ตรวจการแผ่นดิน, มหาชน, หนังสือ, จำกัด, ดังกล่าว, ไทย, เบฟเวอเรจ"
226,<extra_id_0> ตร.ม. ตํารวจ ตํารวจ ตํารวจ ตํารวจ ตํารวจ ตํารวจ ตํารวจ ตํารวจ ตํารวจ ตํารวจ ตํารวจ ตํารวจ ท. ตํารวจ ตํารวจ ตํารวจ ตํารวจ ตํารวจ ตํารวจ ตํารวจ ตํารวจ ตํารวจ ตํารวจ ตํารวจ ท. ตํารวจ ตํารวจ ตํารวจ ตํารวจ ตํารวจ ตํารวจ ตํารวจ ตํารวจ ตํารวจ ตํารวจ ตํารวจ ตํารวจ ตํารวจ ตํารวจ ตํารวจ ตํารวจ ตํารวจ ตํารวจ ตํารวจ ตํารวจ ตํารวจ ตํารวจ ตํารวจ ตํารวจ ตํารวจ ตํารวจ ตํารวจ ตํารวจ ตํารวจ ตํารวจ ตํารวจ ตํารวจ ตํารวจ ตํารวจ ตํารวจ ตํารวจ ตํารวจ ตํารวจ ตํารวจ ตํารวจ ตํารวจ ตํารวจ ตํารวจ ตํารวจ ตํารวจ ,"ที่, เกิดเหตุ, ตรวจสอบ, และ, ว่า, เสียชีวิต, เข้าไป, การ, ให้, บริเวณ"
227,<extra_id_0>เรือ เรือ เรือ เรือ เรือ เรือ เรือ ล. . เรือ ล. . เรือ . เรือ . เรือ . เรือ . เรือ . เรือ เรือ . เรือ เรือ เรือ เรือ เรือ เรือ เรือ เรือ เรือ เรือ เรือ เรือ เรือ เรือ เรือ เรือ เรือ เรือ เรือ เรือ เรือ เรือ เรือ เรือ เรือ เรือ เรือ เรือ เรือ เรือ เรือ เรือ เรือ เรือ เรือ เรือ เรือ เรือ เรือ เรือ เรือ เรือ เรือ เรือ เรือ เรือ เรือ เรือ ,"ที่, ไม่, ฉัน, เป็น, เรือ, ว่า, และ, ต่อเรือ, ที่นี่, กล่าว"
228,<extra_id_0> ง. รถไฟ ขบวนรถไฟ - รถไฟ - รถไฟ - ขบวนรถไฟ - รถไฟ - รถไฟ - ขบวนรถไฟ - ขบวนรถไฟ - ขบวนรถไฟ - ขบวนรถไฟ - ขบวนรถไฟ - ขบวนรถไฟ - ขบวนรถไฟ - ขบวนรถไฟ - ขบวนรถไฟ - ขบวนรถไฟ - ขบวนรถไฟ - ขบวนรถไฟ - ขบวนรถไฟ - ขบวนรถไฟ - ขบวนรถไฟ - ขบวนรถไฟ - ตํารวจการรถไฟ - ขบวนรถไฟ - ขบวนรถไฟ - ขบวนรถไฟ ขบวนรถไฟ ขบวนรถไฟ ขบวนรถไฟ ขบวนรถไฟ ขบวนรถไฟ ขบวนรถไฟ,"ตู้, สินค้า, แม่น้ำ, และ, รถไฟ, Pitrufquen, Tolten, Chlorate, ไม่, ที่"
229,<extra_id_0> ตํารวจ ตํารวจ - ตํารวจ - ตํารวจ - ตํารวจ - ตํารวจ - ตํารวจ - ตํารวจ - ตํารวจ - ตํารวจ ม. ศ. ศ. ศ. ศ.,"ให้, นาย, ว่า, นักศึกษา, และ, ครอบครัว, ที่, ช่วยเหลือ, ระบุ, เกี่ยวข้อง"
230,<extra_id_0> ม.ค. - แมนเชสเตอร์ ซิตี้ นํา แมนเชสเตอร์ ซิตี้ ม. . . ,"ซิตี้, อาร์เซนอล, ซาน, ที่, แมน, เยร์, ได้, เขตโทษ, แรก, เป็น"
231,<extra_id_0> ช้างศึก เกียรติทรงฤทธิ์ ช.,"ช้าง, ที่, มุม, ไวไฟ, ปอนด์, เป็น, ศึก, น้ำเงิน, ฝ่าย, ห้า"
232,<extra_id_0> รัฐสภา พรรค . พรรค . . . . . . . . . . พรรค . . . . . . . . . . . . . . . . . . . . . . . พรรค . . . พรรค . . . . . . พรรค . . . . . . . . . . . . . . . . . . . . . . . ,"หลัก, สี่, ว่า, และ, รายงาน, ที่, ได้, กับ, ให้, ราย"
233,<extra_id_0> ช.ม. . .,"เงิน, ราย, ว่า, ร้องเรียน, ตู้, ให้, บาท, อุดรธานี, บริษัท, ไม่"
234,<extra_id_0> ว. ท. ว.ส.ค.ส.ค.ส.ค.ส.ค.ส.ค.ส.ค.ส.,"Centre, Polar, Observation, น้ำแข็ง, for, การ, Modelling, และ, ของ, ว่า"
235,<extra_id_0> ว. ว. ค. . ค. ค. ค. ค. ค. ค. ค. ค. ค. ค. ค. ค. ค. ค. ค. ค. ค. ,"เสือ, ว่า, ที่, ไม่, ได้, และ, นาย, ดูแล, สัตว์ป่า, ย้าย"
236,<extra_id_0>ที่ .. . ,"ที่, ค่ะ, Sungrace, ของ, ให้, มาย, ผิว, เลย, ได้, ด้วย"
237,<extra_id_0> ญี่ปุ่น ญี่ปุ่น .,"และ, วันนี้, เคลื่อนตัว, ระดับ, ทั้งหมด, เวลา, ว่า, ให้, ญี่ปุ่น, การ"
238,<extra_id_0> ตํารวจ ตํารวจ ตํารวจ ตํารวจ . ตํารวจ ตํารวจ . ตํารวจ ตํารวจ ตํารวจ ตํารวจ ตํารวจ ตํารวจ ตํารวจ ตํารวจ ตํารวจ ตํารวจ ตํารวจ ตํารวจ ตํารวจ ตํารวจ ตํารวจ ตํารวจ ตํารวจ ตํารวจ ตํารวจ ตํารวจ ตํารวจ ตํารวจ ตํารวจ ตํารวจ ตํารวจ ตํารวจ ตํารวจ ตํารวจ ตํารวจ ตํารวจ ตํารวจ ตํารวจ ตํารวจ ตํารวจ ตํารวจ ตํารวจ ตํารวจ ตํารวจ ตํารวจ ตํารวจ ตํารวจ ตํารวจ ตํารวจ ตํารวจ ตํารวจ ตํารวจ ตํารวจ ตํารวจ ตํารวจ ตํารวจ ตํารวจ ตํารวจ ตํารวจ ตํารวจ ตํารวจ ตํารวจ ตํารวจ ตํารวจ ตํารวจ ตํารวจ ตํารวจ ตํารวจ ตํารวจ ตํารวจ ตํารวจ ตํารวจ,"การ, ที่, วันนี้, ฉลอง, ว่า, ตำรวจ, ปีใหม่, รอบ, ซึ่ง, เป็น"
239,<extra_id_0> สํานักงานคณะกรรมการนโยบายและ . กระทรวงก.ต. . ,"และ, การ, บริษัท, ของ, ไฟฟ้า, เป็น, พื้นที่, ไม่, การไฟฟ้าส่วนภูมิภาค, ให้"
240,<extra_id_0> บิน บิน บิน บิน บิน บิน บิน . บิน บิน ม. บิน . บิน บิน บิน ม. บิน บิน บิน บิน บิน บิน บิน บิน บิน บิน บิน บิน บิน บิน บิน บิน บิน บิน บิน บิน บิน บิน บิน บิน บิน บิน บิน บิน บิน บิน บิน บิน บิน บิน บิน บิน บิน บิน บิน บิน บิน บิน บิน บิน บิน บิน บิน บิน บิน บิน บิน บิน บิน บิน บิน บิน,"บิน, หมู่, การ, ทีม, ผาดแผลง, และ, เจ็ท, ของ, ไบร์ทลิ่ง, ท่า"
241,<extra_id_0> ณ.ก.ว.,"เรา, ที่, ไม่, ภาพ, เป็น, ได้, ต้อง, สิ่ง, อยู่, ของ"
242,<extra_id_0> ธ.ก.ส. ค. .,"และ, วันนี้, ธนาคารเพื่อการเกษตรและสหกรณ์การเกษตร, งกิ้ง, ของ, เคาน์เตอร์, เซอร์วิส, บริษัท, เงินสด, ฝาก"
243,<extra_id_0> ด..ม.ส. เดเล อัลลี ,"พาร์, เขา, รงค์, ของ, เล่น, ที่, กับ, อัล, ว่า, ทีม"
244,<extra_id_0> ตํารวจ ตร. . ตํารวจ ตํารวจ ตํารวจ ตํารวจ ตร. ตํารวจ ตํารวจ ตํารวจ ตํารวจ ตํารวจ ตํารวจ ตํารวจ ตํารวจ ตํารวจ ตํารวจ ตํารวจ ตํารวจ ตํารวจ ตํารวจ ตํารวจ ตํารวจ ตํารวจ ตํารวจ ตํารวจ ตํารวจ ตํารวจ ตํารวจ ตํารวจ ตํารวจ ตํารวจ ตํารวจ ตํารวจ ตํารวจ ตํารวจ ตร. ตํารวจ ตํารวจ ตํารวจ ตํารวจ ตํารวจ ตํารวจ ตํารวจ ตํารวจ ตํารวจ ตํารวจ ตํารวจ ตํารวจ ตํารวจ ตํารวจ ตํารวจ ตํารวจ ตํารวจ ตํารวจ ตํารวจ ตํารวจ ตํารวจ ตํารวจ ตํารวจ ตํารวจ ตํารวจ ตํารวจ ตํารวจ ตํารวจ ตํารวจ ตํารวจ ตํารวจ ตํารวจ ตํารวจ ตํารวจ ,"บ้าน, ที่, เวลา, รั้ว, จอด, ลำพูน, ก่อน, รถยนต์, ด้วย, เสียชีวิต"
245,<extra_id_0> ล.ส. . ศาล ม.ก.ก.,"ไม่, ขาย, ที่, การ, บาท, ต้อง, เกิน, ให้, ลอตเตอรี่, ปรับ"
246,<extra_id_0> คณะสังคมศาสตร์ ม.ม. ม.ก. ม. ม. ม. ม.ก.ก. ม. ม. ม. ม. ม. ม. ม. ม. ม. ม. ม. ม. ม.ก.,"ความรุนแรง, สังคม, และ, การ, ไทย, ที่, ของ, เป็น, ต่อ, ได้"
247,<extra_id_0> ม. . . . . . . . . ม. . ม. . . . . . . . . .,"ที่, ว่า, กับ, ไกร, แล้ว, นาย, ท่าน, ห้อง, ศักดิ์, ไม่"
248,<extra_id_0> . ตํารวจ ตร. ตํารวจ ตํารวจ ตํารวจ ตํารวจ ตํารวจ ตํารวจ ตํารวจ ตํารวจ ตํารวจ ตํารวจ ตํารวจ ตํารวจ ตํารวจ ตํารวจ ตํารวจ ตํารวจ ตํารวจ ตํารวจ ตํารวจ ตํารวจ ตํารวจ ตํารวจ ตํารวจ ตํารวจ ตํารวจ ตํารวจ ตํารวจ ตํารวจ ตํารวจ ตํารวจ ตํารวจ ตํารวจ ตํารวจ ตํารวจ,"ผู้ตาย, และ, ว่า, ที่, ไสว, วันที่, ไม่, จัก, เลิก, ราช"
249,<extra_id_0> ตํารวจ ตร. . ตํารวจ ตํารวจ ตํารวจ ตํารวจ ตํารวจ ตํารวจ ตํารวจ ตํารวจ ตํารวจ ตํารวจ ตํารวจ ตํารวจ ตํารวจ ตํารวจ ตํารวจ ตํารวจ ตํารวจ ตํารวจ ตํารวจ ตํารวจ ตํารวจ ตํารวจ ตํารวจ ตํารวจ ตํารวจ ตํารวจ ตํารวจ ตํารวจ ตํารวจ ตํารวจ ตํารวจ ตํารวจ ตํารวจ ตํารวจ ตํารวจ ตํารวจ ตํารวจ ตํารวจ ตํารวจ ตํารวจ ตํารวจ ตํารวจ ตํารวจ ตํารวจ ตํารวจ ตํารวจ ตํารวจ ตํารวจ ตํารวจ ตํารวจ ตํารวจ ตํารวจ,"ที่, รถยนต์, กระบะ, ความคืบหน้า, ผู้ก่อเหตุ, เจ้าหน้าที่, เหตุ, ยิง, โกะ, ผู้ช่วย"
250,<extra_id_0> ท่าที่ 4 ท่าการ .การ .การ .การ .การ .การ .การ .การ .การ .การ .การ .การ .การ .การ .การ .การ .การ .การ . .การ .การ . .การ .การ . .การ .การ . .การ .การ . .การ . .การ . .การ . .การ . .การ .การ .การ . .การ .การ . .การ .การ . .การ .การ . ,"ที่, การ, และ, การออกกำลังกาย, ท่า, ฝึก, เดิน, กลุ่ม, เป็นการ, แตะ"
251,<extra_id_0> นักวิทยาศาสตร์การ . ค.ต.  ล. ล. ,"ฝุ่น, ที่, อวกาศ, ของ, คือ, ว่า, เรา, ครับ, เป็น, ดาว"
252,<extra_id_0> สมาคมกีฬาว่ายน้ําแห่งประเทศไทย นักกีฬาแห่งประเทศไทย ,"ว่ายน้ำ, มาราธอน, นัก, ที่, การแข่งขัน, ว่าย, และ, ไทย, นี้, ได้"
253,<extra_id_0>          ,"จีน, ฝ่าย, ทีม, เป็น, เกม, ที่, เล่น, ชนะ, ไทย, คู่"
254,<extra_id_0> พรรคการเมือง พรรคการเมือง การเมือง . ,"ที่, หาก, แต่, และ, คิด, ว่า, ประเทศ, พรรคการเมือง, นายกรัฐมนตรี, ของ"
255,<extra_id_0> ม.ว. ม.ว. . . .  .  .  .  .  . . . . . . . . . . . . . . . . . . . . . . . . . . . . . . . . . . . . . . . . . . . . . . . . . . . . . . . . . . . ,"และ, ที่, อ่าน, อย่างไร, ผู้ใช้, ทั้ง, ได้, เขียน, ฉบับ, จาก"
256,<extra_id_0> ลูกชาย ของ ใหม่ ลูกชาย ของ ใหม่ ลูกชาย ของ ใหม่ ของ ใหม่ ของ ใหม่ ลูกชาย ของ ใหม่ ,"พ่อ, ท้อง, ทอง, บาท, วัน, ลูก, และ, กับ, บอก, ที่"
257,<extra_id_0> . . . . . . . .,"พระ, ว่า, เป็น, ของ, โอวาท, ค่ะ, ที่, อ่าน, สมเด็จพระสังฆราช, คุณครู"
258,<extra_id_0> พ่อรอง พ่อรอง ของ พ่อรอง ,"ทุม, ได้, บ้าน, ไม่, รอง, มัน, เค้า, รักษา, แล้ว, ที่"
259,<extra_id_0> กองทัพไทย กองทัพไทย กองทัพไทย กองทัพไทย กองทัพไทย กองทัพไทย กองทัพไทย กองทัพไทย กองทัพไทย . กองทัพไทย . กองทัพไทย . กองทัพไทย . กองทัพไทย . กองทัพไทย . กองทัพไทย . กองทัพไทย . กองทัพไทย . กองทัพไทย . กองทัพไทย . กองทัพไทย . กองทัพไทย . . . . . . . . . . . . . . . . . . . . . . . . . . . . . . ,"และ, กองทัพ, ความร่วมมือ, ประเทศ, การ, เพอร์, การทหาร, ไทย, ผู้บัญชา, พล.ท"
260,<extra_id_0> โครงการ โครงการ โครงการ โครงการ โครงการ โครงการ .,"ไม่, ที่, และ, ต้อง, ให้, ประยุทธ์, การ, เรา, ได้, จาก"
261,<extra_id_0> ช. ตํารวจ ตํารวจ ตํารวจ ตํารวจ ตํารวจ ตํารวจ ตํารวจ ตํารวจ ตํารวจ ตํารวจ ตํารวจ ตํารวจ ตํารวจ ตํารวจ ตํารวจ ตํารวจ ตํารวจ ตํารวจ ตํารวจ ตํารวจ ตํารวจ ตํารวจ ตํารวจ ตํารวจ ตํารวจ ตํารวจ ตํารวจ ตํารวจ ตํารวจ ตํารวจ ตํารวจ ตํารวจ ตํารวจ ตํารวจ ตํารวจ ตํารวจ ตํารวจ ตํารวจ ตํารวจ ตํารวจ ตํารวจ ตํารวจ ตํารวจ ตํารวจ ตํารวจ ตํารวจ ตํารวจ ตํารวจ ตํารวจ ตํารวจ ตํารวจ ตํารวจ ตํารวจ ตํารวจ ตํารวจ ท. ตํารวจ ตํารวจ ตํารวจ ตํารวจ ตํารวจ ตํารวจ ตํารวจ ตํารวจ ตํารวจ ตํารวจ ตํารวจ ตํารวจ ตํารวจ ตํารวจ ตํารวจ ตํารวจ,"ที่, ตนเอง, ช่วยเหลือ, และ, จึง, ตำรวจทางหลวง, หนอง, บ้าน, บึง, หญิงสาว"
262,<extra_id_0> ของ . . ของ . ของ . ของ . ของ . ของ . . ของ . ของ . ของ . ของ . ของ . ของ . ของ . ของ . ของ . ของ . ของ . ของ . ของ . ของ . ของ . ของ . ของ . ของ . ของ . ของ . ของ . ของ . ของ . ของ . ของ . ของ . ของ . ของ . ของ . ของ .,"ที่, จาก, ไม่, ของ, และ, เข้า, เรื่อง, นี้, ชิง, ค่ะ"
263,<extra_id_0> - น้ํา - น้ํา - น้ํา - น้ํา - น้ํา - น้ํา - น้ํา .,"ชุมชน, และ, ที่, คลอง, โรค, ผู้ป่วย, เตย, พื้นที่, ควบคุม, เขต"
264,<extra_id_0> ตํารวจ ตร. ตํารวจ ตํารวจ ตํารวจ ตํารวจ ตํารวจ ตํารวจ ตํารวจ ตํารวจ ตํารวจ ตํารวจ ตํารวจ ตํารวจ ตํารวจ ตํารวจ ตํารวจ ตํารวจ ตํารวจ ตํารวจ ตํารวจ ตํารวจ ตํารวจ ตํารวจ ตํารวจ ตํารวจ ตํารวจ ตํารวจ ตํารวจ ตํารวจ ตํารวจ ตํารวจ ตํารวจ ตํารวจ ตํารวจ ตํารวจ ตํารวจ ตํารวจ ตํารวจ ตํารวจ ตํารวจ ตํารวจ ตํารวจ ตํารวจ ตํารวจ ตํารวจ ตํารวจ ตํารวจ ตํารวจ ตํารวจ ตํารวจ ตํารวจ ตํารวจ ตํารวจ ตํารวจ ตํารวจ ตํารวจ ตํารวจ ตํารวจ ตํารวจ ตํารวจ ตํารวจ ตํารวจ ตํารวจ ตํารวจ ตํารวจ ตํารวจ ตํารวจ ตํารวจ ตํารวจ ตํารวจ ตํารวจ ตํารวจ ,"นาย, ยาเสพติด, และ, ที่, การ, ปัท, บ้าน, ว่า, นาง, ทุก"
265,<extra_id_0> นักบินอวกาศ ช. . นักบินอว . ค. . . . ค. .ก. . ค. . . . . ค. . . . . . . . . . . . . . . . . . . . . . . . . . . . . . . . . ค.ส.ค. . ศ.ก. . . ช.ก. ค. . ศ.ก. . ,"กระดูก, การ, มวล, ของ, สูญเสีย, โดย, ที่, หมี, ได้, และ"
266,<extra_id_0> ตํารวจ ตํารวจ ตํารวจ ตํารวจ ตํารวจ ตํารวจ ตํารวจ ตํารวจ ตํารวจ ตํารวจ ม.ตํารวจ ตํารวจ ตํารวจ ตํารวจ ตํารวจ ตํารวจ ตํารวจ ตํารวจ ตํารวจ ตํารวจ ตํารวจ ตํารวจ ตํารวจ ตํารวจ ตํารวจ ตํารวจ ตํารวจ ตํารวจ ตํารวจ ตํารวจ ตํารวจ ตํารวจ ตํารวจ ตํารวจ ตํารวจ ตํารวจ ตํารวจ ตํารวจ ตํารวจ ตํารวจ ตํารวจ ตํารวจ ตํารวจ ตํารวจ ตํารวจ ตํารวจ ตํารวจ ตํารวจ ตํารวจ ตํารวจ ตํารวจ ตํารวจ ตํารวจ ตํารวจ ตํารวจส. ตํารวจ ตํารวจ ตํารวจ ตํารวจ ตํารวจ ตํารวจ ตํารวจ ตํารวจ ตํารวจ ตํารวจ ตํารวจ ตํารวจ ตํารวจ ตํารวจ ตํารวจ ตํารวจ ตํารวจ,"และ, ที่, จึง, ลำปาง, ไม่, ตำรวจ, จุด, เวลา, ของ, ผูกคอตาย"
267,<extra_id_0> ช.ไทย. กระทรวง. . กระทรวง. . กระทรวง. . กระทรวง. . กระทรวง. . กระทรวง. . กระทรวง. . กระทรวง. . กระทรวง. . กระทรวง. . กระทรวง. . กระทรวง. . กระทรวง. . กระทรวง. . กระทรวง. . กระทรวง. . กระทรวง.ต. นายก.ว. นายก.ว.ว. ศ. ศ. ศ. นายก.ว. นายก.ว.ว. ศ. ศ. ศ. ศ. ศ. ศ. ศ. ศ. ,"การ, เศรษฐกิจ, และ, ระบบ, ได้, เพื่อ, ที่, วันที่, มาตรการ, การใช้งาน"
268,<extra_id_0> สํานักงานคณะกรรมการการแพทย์ สํานักงานคณะกรรมการการ . . .,"โควิด, บาท, และ, ผู้ประกันตน, ไม่, ที่, ทางการแพทย์, เกิน, PPE, จ่าย"
269,<extra_id_0> ประชาชาติ - รัฐ - รัฐ - รัฐ - รัฐ - รัฐ - รัฐ - รัฐ - รัฐ - รัฐ - รัฐ - รัฐ ม. . . รัฐ .,"ชาว, โรฮิงญา, รัฐ, ว่า, เมียนมา, นายกรัฐมนตรี, ตุรกี, ยะไข่, สังหาร, อย่าง"
270,<extra_id_0> ท. ท.ว.รัฐ ,"แผ่นดินไหว, เกิด, รัฐ, ขนาด, อะแลสกา, และ, ประมาณ, รุนแรง, ครั้ง, แก่"
271,<extra_id_0>การส่งออก ส่งออก ส่งออก ส่งออก ส่งออก ,"มูลค่า, ล้าน, ของ, อาหาร, ว่า, ไทย, ส่งออก, ขยายตัว, เดือน, กว่า"
272,<extra_id_0> เจอร์เกน ค. หงส์ ลิเวอร์พูล - หงส์แดง ลิเวอร์พูล - หงส์แดง ลิเวอร์พูล . หงส์แดง ลิเวอร์พูล . หงส์แดง ลิเวอร์พูล . หงส์แดง ลิเวอร์พูล . หงส์แดง . หงส์แดง ลิเวอร์พูล . หงส์แดง . หงส์แดง . หงส์แดง . หงส์ . หงส์ . หงส์ . หงส์ . หงส์ . หงส์ . หงส์ . หงส์ . หงส์ . . หงส์ . . หงส์ . หงส์ . หงส์ . หงส์ . หงส์ . หงส์ . หงส์ . ,"เกม, นี้, และ, ทีม, เป็น, ลีก, แดน, แนว, ลิเวอร์พูล, ทาง"
273,<extra_id_0> รมว.วัฒนธรรม รมว.ไทย.,"นี้, ภาพยนตร์, ที่, คณะกรรมการ, และ, ดูแล, นาย, เรื่อง, ด้วย, กระทรวง"
274,<extra_id_0> ตร. . . ,"ไม่, และ, ได้, บาท, ที่, แดง, ต้อง, เป็น, ชุมนุม, สี่"
275,<extra_id_0> ตํารวจ ตํารวจ ตร. ตํารวจ ตร. ตํารวจ ตํารวจ ตํารวจ ตํารวจ ตํารวจ ตํารวจ ตํารวจ ตํารวจ ตํารวจ ตํารวจ ตํารวจ ตํารวจ ตํารวจ ตํารวจ ตํารวจ ตํารวจ ตํารวจ ตํารวจ ตํารวจ ตํารวจ ตํารวจ ตํารวจ ตํารวจ ตํารวจ ตํารวจ ตํารวจ ตํารวจ ตํารวจ ตํารวจ ตํารวจ ตํารวจ ตํารวจ ตํารวจ ตํารวจ ตํารวจ ตํารวจ ตํารวจ ตํารวจ ตํารวจ ตํารวจ ตํารวจ ตํารวจ ตํารวจ ตํารวจ ตํารวจ ตํารวจ ตํารวจ ตํารวจ ตํารวจ ตํารวจ ตํารวจ ตํารวจ ตํารวจ ตํารวจ ตํารวจ ตํารวจ ตํารวจ ตํารวจ ตํารวจ ตํารวจ ตํารวจ ตํารวจ ตํารวจ ตํารวจ ตํารวจ ตํารวจ ตํารวจ ตํารวจ,"และ, จันทร์, นาย, อายุ, ที่, คนขับ, สุข, เมา, แก่, แก้ว"
276,<extra_id_0> กรมธนาท. โครงการ . โครงการ . ,"ล้าน, บาท, โครงการ, หมอชิต, การพัฒนา, โครง, การ, โดย, ขนาดใหญ่, สถานี"
277,<extra_id_0> .. . . . ,"ที่, ของ, เป็น, โกะ, ญี่ปุ่น, เตะ, สามารถ, เรา, ทะเลสาบ, ฮอกไกโด"
278,<extra_id_0>. . . . . . . . . . . . . . . . . . . . . . . . . . . . . . . . . .,"ที่, เดียวกัน, ฟ้า, นาย, และ, กับ, ได้, ฉบับ, สถาบัน, ธนา"
279,<extra_id_0>ตํารวจ ตํารวจ ตํารวจ ตํารวจ ตํารวจ ตํารวจ ตํารวจ ตํารวจ ตํารวจ ตํารวจ ตํารวจ ตํารวจ ตํารวจ ตํารวจ ,"ทั้ง, ท่า, อำเภอ, ที่, ตำบล, ยาง, เด็ก, ว่า, และ, ลูก"
280,<extra_id_0> นายก . มาดาม ,"เป็น, ไม่, ที่, ประธาน, มาดาม, ฟุตบอล, พัฒนา, กับ, เครื่องมือ, หญิง"
281,<extra_id_0> ณ. ศาล ศาล ,"และ, เกาะ, ตรวจสอบ, โรงแรม, มิ.ย, แห่ง, ที่พัก, เจ้าหน้าที่, สั่ง, ห้องพัก"
282,<extra_id_0> ช.ต.  . . . . . . . . . . . . . . . . .,"OTOP, งาน, ได้, หนึ่ง, และ, ผู้ประกอบการ, สร้าง, ผลิตภัณฑ์, ให้, สินค้า"
283,<extra_id_0> กระทรวงพลังงาน นโยบาย นโยบาย . กระทรวงพลังงาน ,"ก๊าซ, แอลพีจี, ภาค, การ, ปรับ, ขึ้นราคา, พลังงาน, ประชาชน, และ, ให้"
284,<extra_id_0> ง.ส. .,"หลวงพ่อ, ที่, ว่า, วัด, พระ, และ, ขอพร, ได้, ญาติโยม, แจก"
285,<extra_id_0> ล. . เชส ฟาเบร . รา เชส - รา ล . . . . . . . . . . . ,"ทีม, ไม่, ของ, ที่จะ, กับ, ว่า, ย้าย, ออกจาก, ที่, เลย"
286,<extra_id_0>ลพน. ลพ.. ลพ. ช. ช. ช. ช. ช. ช. ช. ช. ช. ช. ช. ช.ช. ช. ช. ช. ช. ช. ช. ช. ช. ช. ช. ช. ช. ช. ช. ช. ช. ช. ช. ช. ช. ช. ช. ลพ. ช. ช. มวย มวย ช. ช. ช. ช. ช.. ,"ต่อย, หมัด, แทง, เตะ, เข่า, รุนแรง, มวย, ปล้ำ, ชนะ, จังหวะ"
287,<extra_id_0> ทีมชาติไทย ทีมชาติไทย . ทีมชาติไทย ทีมชาติไทย ,"ชาติ, ทีม, ที่, เรา, การ, ไทย, อินโดนีเซีย, วันที่, และ, อุ่นเครื่อง"
288,<extra_id_0> .. . . . . . . . .,"และ, Asia, Southeast, อินทรีย์, NATURAL, สินค้า, ธรรมชาติ, EXPO, หัตถกรรม, เพื่อ"
289,<extra_id_0> พรรค มติ.,"ความเห็น, ที่, การ, กับ, ควร, ไม่, ได้, พรรค, ส่ง, ให้"
290,<extra_id_0> รัช  . ม. สมเด็จพระบรมราชบ. ม.,"พระ, บรม, สมเด็จ, เป็น, และ, พระเจ้าอยู่หัว, ที่, ทรง, ราช, ของ"
291,<extra_id_0> สถาบันโลหิตวิทยาการเปลี่ยนถ่ายเลือด ของรัฐ รัฐ ฯล.,"โลหิต, บริจาค, ถึง, และ, เลือด, ของ, สถาบัน, การ, ร่วม, วิทยา"
292,<extra_id_0> ตํารวจ ตร. ตํารวจ ตร. ตร. .,"ของ, ได้, เด็ก, เป็น, ทั้ง, โรงเรียน, พยุห์, และ, ทรัพย์สิน, ว่า"
293,<extra_id_0> แฟนเก่า แฟน . . แฟน . . . แฟน . . . . แฟน . . . แฟน . . แฟน . แฟน . . แฟน . แฟน . แฟน . แฟน . แฟน . แฟน . แฟน . แฟน . แฟน . แฟน . แฟน . แฟน . แฟน . แฟน . แฟน . แฟน แฟน แฟน . แฟน แฟน แฟน . แฟน แฟน แฟน แฟน . แฟน แฟน แฟน . แฟน ,"ไม่, เขา, ที่, แฟน, ให้, ว่า, ส่อง, เรา, หรือ, ของ"
294,<extra_id_0> ททท. ท.ท. ทท. ทท. ทท. ทท. ท. ทท. ท. ,"ท่องเที่ยว, การท่องเที่ยว, การ, ที่, และ, สินค้า, ไทย, สร้าง, ของ, ด้าน"
295,<extra_id_0> ตํารวจ ตร. ตํารวจ ตํารวจ .ตํารวจ ตํารวจ ตํารวจ ตํารวจ ตํารวจ ตํารวจ ตํารวจ ตํารวจ ตํารวจ ตํารวจ ตํารวจ ตํารวจ ตํารวจ ตํารวจ ตํารวจ ตํารวจ ตํารวจ ตํารวจ ตํารวจ ตํารวจ ตํารวจ ตํารวจ ตํารวจ ตํารวจ ตํารวจ ตํารวจ ตํารวจ ตํารวจ ตํารวจ ตํารวจ ตํารวจ ตํารวจ ตํารวจ ตํารวจ ตํารวจ ตํารวจ ตํารวจ ตํารวจ ตํารวจ ตํารวจ ตํารวจ ตํารวจ ตํารวจ ตํารวจ ตํารวจ ตํารวจ ตํารวจ ตํารวจ ตํารวจ ตํารวจ ตํารวจ ตร.ก...ก.ก.ต. .ก.ก.ก.ก.ก.ก.ก.ก.ก.ก. ,"ได้, ที่, และ, นาย, ผู้ตาย, ว่า, บ้าน, ที่เกิดเหตุ, บริเวณ, หลวง"
296,<extra_id_0> ท.ต. ม.ค. . ท. . ,"วันที่, ของ, โควิด, ทิเบต, การ, ไวรัส, หูเป่ย, นคร, เชื้อไวรัส, และ"
297,<extra_id_0> ค. ค. ค. ค. ค. ค. ค. ค. ค. ค. ค. ค. ค. ค. ค. ค. ค. ค. ค. ค. ค. ค. ค. ค. ค. ค. ค. ค. ค. ค. ค. ค. ค. ค. ค. ค. ค.ค. ค. ค. ค. ค. ค. ค. ค. ค. ค. ค. ค. ตํารวจ,"ควาย, นาย, ของ, ที่, ว่า, ยิง, และ, ตำรวจ, ปืน, อีก"
298,<extra_id_0> สํานักงานคณะกรรมการนโยบายแห่งชาติ ช. ม.ค. ม.ค. ม.ค. ม.ค. ม.ค.ม. ม.,"น้ำ, และ, การ, พื้นที่, ให้, จัดการ, ของ, ที่, เกษตรกร, เพื่อ"
299,<extra_id_0> ตํารวจ ตํารวจ ตํารวจ ตํารวจ ตํารวจ ตํารวจ ตํารวจ ตํารวจ . ,"ร้าน, ที่, สมุย, ผุด, บ่อ, และ, ได้, ศักดิ์, นาย, แคมป์"
300,<extra_id_0> รัฐประหาร พรรค มติ พรรค มติ พรรค มติ พรรค พรรค มติ พรรค มติ พรรค มติ พรรค มติ พรรค มติ พรรค มติ พรรค มติ พรรค มติ พรรค มติ พรรค มติ พรรค มติ พรรค มติ พรรค มติ พรรค มติ พรรค มติ พรรค มติ พรรค มติ พรรค มติ พรรค มติ พรรค พรรค มติ พรรค พรรค มติ พรรค พรรค พรรค พรรค พรรค พรรค พรรค พรรค พรรค พรรค พรรค พรรค พรรค พรรค พรรค พรรค พรรค พรรค พรรค พรรค ,"ที่, ไม่, ได้, สิทธิ, ของ, การ, ประชาชน, เป็น, ว่า, เรา"
301,<extra_id_0> นายกสมาคมยิงปืน นายกสมาคมยิงปืน สมาคมยิงปืน ,"ชุด, สมาคม, ใหม่, บริหาร, ของ, ยิงปืน, นายก, คณะกรรมการ, นาย, ไทย"
302,<extra_id_0> ตํารวจ คดียาเสพติด คดียาเสพติด . คดี คดี . คดี คดี คดี คดี คดี คดี คดี คดี คดี คดี คดี คดี คดี คดี คดี คดี คดี คดี คดี คดี คดี คดี คดี คดี คดี คดี คดี คดี คดี คดี คดี คดี คดี คดี คดี คดี คดี คดี คดี คดี คดี คดี คดี คดี คดี คดี คดี คดี คดี คดี คดี คดี คดี คดี คดี คดี คดี คดี คดี คดี คดี คดี คดี คดี คดี คดี,"นาย, ยาเสพติด, ของ, การ, ว่า, และ, ที่, เครือข่าย, ตรวจสอบ, จาก"
303,<extra_id_0> คสช. คสช.,"ต้อง, ให้, ว่า, ไม่, ทั้ง, การ, สร้าง, เป็น, รู้, คสช"
304,<extra_id_0> ช. . . กระทรวงการ . . . . . . . รมว. รมว.ก. รมว.ก. ท. รมว.ก.ก. ท.ส. ท. ท. ท. ท. ท. ท.,"ของ, พลังงาน, ที่, การ, อธิบดี, ปลัดกระทรวง, เป็น, สมบัติ, กับ, และ"
305,<extra_id_0> ทีมชาติไทย ชนะ ทีมชาติไทย ,"ไทย, ทีม, ชาติ, ที่, เกาหลีใต้, อัล, ได้, ของ, ครั้ง, คัพ"
306,<extra_id_0> ค.ต. ถ. ถ. ถ. ถ. ถ. ถ. ถ. ถ. ถ. ถ. ถ. ถ. ถ. ถ. ถ. ถ. ถ. ถ. ถ. ถ. ถ. ถ. ถ. ถ. ถ. ถ. ถ. ถ. ถ. ถ. ,"บอล, ที่, ได้, นาที, ยูไนเต็ด, เปิด, ประตู, อีก, สายฟ้า, ปราสาท"
307,<extra_id_0> ประธานาธิ ทรัป ประธานาธิ ทรั . ท. ประธาน ,"บริษัท, กับ, ได้, ทรัมป์, สหรัฐฯ, ติ๊ก, กิจการ, ต๊อก, นาย, คำสั่ง"
308,<extra_id_0> ณ. ม. ม. ม.,"เป็น, ไม่, และ, ให้, ความ, ที่, ว่า, ได้, ของ, พระองค์"
309,<extra_id_0> กกต. เลือกตั้ง เลือกตั้ง . เลือกตั้ง . เลือกตั้ง . เลือกตั้ง . เลือกตั้ง . เลือกตั้ง . เลือกตั้ง . เลือกตั้ง . เลือกตั้ง . เลือกตั้ง . เลือกตั้ง . เลือกตั้ง . เลือกตั้ง . เลือกตั้ง . เลือกตั้ง . . เลือกตั้ง . . . . เลือกตั้ง . . . . . . . เลือกตั้ง . . . . . . . . .,"กกต, ที่, การเลือกตั้ง, และ, นาย, ให้, ของ, จัด, การ, ประธาน"
310,<extra_id_0>ศพศพผู้เสียชีวิต ตํารวจ คดี คดี ม.ท.. . ม. ม. .,"นางรอง, พ่อ, อยู่, บ้าน, จึง, เป็น, ว่า, ของ, และ, ผูกคอตาย"
311,<extra_id_0> ตร.ม. ตํารวจ ตร... . คดี คดี คดี คดี คดี คดี ม.ป.... ม.ป... . . ตํารวจ คดี ตํารวจ ม.ก. . คดี ตํารวจ ตํารวจ ตํารวจ คดี ตํารวจ ตํารวจ ตํารวจ คดี ตํารวจ คดี ตํารวจ คดี ตํารวจ ตํารวจ ตํารวจ ตํารวจ ตํารวจ ตํารวจ ตํารวจ ตํารวจ ตํารวจ ตํารวจ ตํารวจ ตํารวจ ตํารวจ ตํารวจ ตํารวจ ตํารวจ ตํารวจ ตํารวจ ตํารวจ ตํารวจ ตํารวจ ตํารวจ ตํารวจ ตํารวจ ตํารวจ ตํารวจ ตํารวจ ตํารวจ ตํารวจ ตํารวจ ตํารวจ ตํารวจ,"การ, ที่, ทอง, ยาเสพติด, เงิน, ล้าน, เส้น, กว่า, เชื่อมโยง, อีก"
312,<extra_id_0> ท. . ศาล . ศาล . ศาล .,"ที่, ทักษิณ, การ, และ, ว่า, จำเลย, เมื่อ, คดี, เป็น, ศาลอาญา"
313,<extra_id_0> ชิต. . . . . . . . ค. . ค. . ค. . ค. .,"ของ, ซอน, มาร์ต, ไมโครซอฟท์, เพื่อ, และ, การ, ที่, กับ, ใช้"
314,<extra_id_0> ตํารวจ ตร. ตํารวจ ตํารวจ ตํารวจ ตํารวจ ตํารวจ ตํารวจ ตํารวจ ตํารวจ ตํารวจ ตํารวจ ตํารวจ ตํารวจ ตํารวจ ตํารวจ ตํารวจ ตํารวจ ตํารวจ ตํารวจ ตํารวจ ตํารวจ ตํารวจ ตํารวจ ตํารวจ ตํารวจ ตํารวจ ตํารวจ ตํารวจ ตํารวจ ตํารวจ ตํารวจ ตํารวจ ตํารวจ ตํารวจ ตํารวจ ตํารวจ ตํารวจ ตํารวจ ตํารวจ ตํารวจ ตํารวจ ตํารวจ ตํารวจ ตํารวจ ตํารวจ ตํารวจ ตํารวจ ตํารวจ ตํารวจ ตํารวจ ตํารวจ ตํารวจ ตํารวจ ตํารวจ ตํารวจ ตํารวจ ตํารวจ ตํารวจ ตํารวจ ตํารวจ ตํารวจ ตํารวจ ตํารวจ ตํารวจ ตํารวจ ตํารวจ ตํารวจ ตํารวจ ตํารวจ ตํารวจ ตํารวจ ตํารวจ ,"ผู้ตาย, ที่, ไม่, ได้, และ, ปืนลูกซอง, จึง, ให้, ว่า, ยาว"
315,<extra_id_0> สํานักงานตํารวจ ตํารวจ กรม . . โครงการ . ,"ที่, เป็น, กู้, ชีพ, และ, ได้, อยู่, ของ, อาสาสมัคร, เรา"
316,<extra_id_0> ม.ค.. - ม.ค. . . . ,"ต่อ, บาท, ที่, ค่า, ปรับ, ขึ้น, หน่วย, เอฟที, ให้, ล้าน"
317,<extra_id_0> . . . . ,"ไทย, เกม, มองโกเลีย, คะแนน, ทีม, ทำแต้ม, ที่, วอเตอร์, แต่, แรก"
318,<extra_id_0> ตํารวจ ตร. ตํารวจ ตํารวจ ตํารวจ . ตํารวจ ตํารวจ . ตํารวจ ตํารวจ ตํารวจ ตํารวจ ตํารวจ ตํารวจ ตํารวจ ตํารวจ ตํารวจ ตํารวจ ตํารวจ ตํารวจ ตํารวจ ตํารวจ ตํารวจ ตํารวจ ตํารวจ ตํารวจ ตํารวจ ตํารวจ ตํารวจ ตํารวจ ตํารวจ ตํารวจ ตํารวจ ตํารวจ ตํารวจ ตํารวจ ตํารวจ ตํารวจ ตํารวจ ตํารวจ ตํารวจ ตํารวจ ตํารวจ ตํารวจ ตํารวจ ตํารวจ ตํารวจ ตํารวจ ท. ตํารวจ ตํารวจ ตํารวจ ตํารวจ ตํารวจ . ตํารวจ ตํารวจ ตํารวจ ตํารวจ ตํารวจ ตํารวจ ท. ตํารวจ ตํารวจ ตํารวจ ตํารวจ ตํารวจ ตํารวจ ตํารวจ ตํารวจ ตํารวจ ,"ได้, ไม่, ผู้ตาย, ที่, จึง, ด้วย, ซึ่ง, ภายใน, อยู่, ว่า"
319,<extra_id_0> แมนเชสเตอร์ ยูไนเต็ด และ แมนเชสเตอร์ ยูไนเต็ด ,"ทีม, กับ, ได้, และ, ของ, กัว, ไม่, ใหม่, ว่า, อิน"
320,<extra_id_0> นายก . นายก . นายก . ม. ม. ม. ม. ม. ม. ,"ตรวจ, ฉะเชิงเทรา, ให้, อบจ, นายก, ที่, ได้, ไม่, ว่า, และ"
321,<extra_id_0> ท. รัฐม. . ม.ม. . ม. . ม.ม. . . ม. . ม. . ม. . ม. . ม. . ม. . ม. . ม. . ม. . ม. . . ม. . . ม. . . . ม. . . . . . . . . . . . . . . . . . . . . . . . ,"ซีเรีย, การ, บอล, รัฐบาล, กลุ่ม, เลาะห์, อาวุธ, ได้, ให้, ว่า"
322,<extra_id_0> จ.อุทก. น้ํา . น้ํา . น้ํา น้ํา น้ํา . น้ํา . น้ํา น้ํา น้ํา . น้ํา น้ํา น้ํา . น้ํา น้ํา น้ํา . น้ํา น้ํา น้ํา น้ํา น้ํา น้ํา น้ํา น้ํา น้ํา น้ํา น้ํา น้ํา น้ํา น้ํา น้ํา น้ํา น้ํา น้ํา น้ํา น้ํา น้ํา น้ํา น้ํา น้ํา น้ํา น้ํา น้ํา น้ํา น้ํา น้ํา น้ํา น้ํา น้ํา น้ํา น้ํา น้ํา น้ํา น้ํา น้ํา น้ํา น้ํา น้ํา น้ํา น้ํา น้ํา น้ํา น้ํา น้ํา น้ํา,"น้ำ, แม่น้ำ, การ, เครื่อง, และ, ให้, ระบาย, เร่ง, ที่, เพื่อ"
323,<extra_id_0> ตร. ม. ตํารวจ ตร. ม.ก. ม. .ก.ต.ต.ต. .ก.ต.ต. . ,"ช่วง, ตรวจสอบ, ชิ้นส่วน, ของ, วันที่, ที่, รายงาน, เมื่อ, การ, ว่า"
324,<extra_id_0> ม.ธ..ก.,"ที่, เรือนจำ, ไม่, ได้, ให้, ต้อง, กฎหมาย, ว่า, ศักดิ์, ใช้"
325,<extra_id_0>ดนัย ช.,"นี่, เจน, ที่, ต้อง, นี้, จูบ, ดนัย, แล้ว, โก้, ผู้กำกับ"
326,<extra_id_0> ม. ม. ม. ม. ม. ม. ม. ม. ม. ม. ม. ม. ม. ม. ม. ม. ม. ม. ม. ม. ม. ม. ม. ม. ม. ม. ม. ม. ม. ม. ม. ม. ม. ม. ม. ม. ม. ม. ม. ม.ม. ม.ม. ม. ม.ม. ม.ม. ม.ม. ม.,"เกาหลีเหนือ, คิม, และ, จอง, ไม่, เจรจา, ซึ่ง, อึน, ที่, การ"
327,<extra_id_0> รัฐสภา รัฐ ม. ม.ก.ม. รัฐ รัฐ รัฐ รัฐ รัฐ รัฐ รัฐ รัฐ รัฐ รัฐ รัฐ รัฐ รัฐ รัฐ รัฐ รัฐ รัฐ รัฐ รัฐ รัฐ รัฐ รัฐ รัฐ รัฐ รัฐ รัฐ รัฐ รัฐ รัฐ รัฐ รัฐ รัฐ รัฐ รัฐ รัฐ รัฐ รัฐ รัฐ รัฐ รัฐ รัฐ รัฐ รัฐ รัฐ รัฐ รัฐ รัฐ รัฐ รัฐ รัฐ รัฐ รัฐ รัฐ รัฐ รัฐ รัฐ รัฐ รัฐ รัฐ รัฐ รัฐ รัฐ รัฐ รัฐ รัฐ รัฐ ,"ลี่, บิล, และ, หรือ, เสวนา, การ, อาจารย์, ผู้แทน, ฆาตกรรม, อำพราง"
328,<extra_id_0> ชพ. . โครงการ . ค..) โครงการ . ค.. ค.ต.) โครงการ ,"และ, การ, ล้าน, พลังงาน, แผน, ลิตร, บริหาร, จัดการ, ให้, ทดแทน"
329,<extra_id_0> ล. มาด ล ล  ล   . ล . ล . ล . ล ล ล . ล  ล  ล  ล  ล . ล . ล  ล  ล . ล . ล  ล  ล ล  . ล ล ล . ล . ล  ล   ล  . ล  ล ล ล ล ล ล ล ล ล ล ล ล ล ล ล ล . ล. ,"ประตู, ที่, มาดริด, การ, จาก, กับ, วันที่, ยิง, วันนี้, รีล"
330,<extra_id_0> นักวิจัยเผยว่า สารที่ . . . . . ,"ไมโคร, ที่, เส้นใย, และ, ว่า, ได้, ไฟเบอร์, เส้น, ใยสังเคราะห์, ขยะ"
331,<extra_id_0> ม.ธ. ม. ม. ม. ม. ม. ม. ม. ม. ม. ม. ม. ม. ม. ม. ม. ม. ม. ม. ม. ม. ม. ม. ม. ม. ม. ม. ม. ม. ม. ม. ม. ม. ม. ม. ม. ม. ม. ม. ม. ม. ม. ม. ม. ม. ม. ม. ม.ม.,"บัตร, ที่, วิว, แคลช, กับ, เมีย, วัน, ยอด, LINE, Early"
332,<extra_id_0>การโคลนนิ่ง ล. ค. . . . ค. . . .,"ที่, โคลน, การ, เป็น, สัตว์, และ, นิ่ง, เซลล์, ของ, นักวิทยาศาสตร์"
333,<extra_id_0> วง บีเบอร์ ศิลปิน บีเบอร์ ,"ที่, และ, You, อันดับ, เป็น, Chart, เพลง, อัลบั้ม, ของ, จัสติน"
334,<extra_id_0> สํานักงานคณะกรรมการนโยบาย สมัชชาสุขภาพแห่งชาติ คสช. คส. ,"สุขภาพ, การ, จัดการ, แห่งชาติ, และ, สมัชชา, โดย, ที่, คณะกรรมการ, ของ"
335,<extra_id_0> ตร.ม. ตํารวจ ตํารวจ ตํารวจ ตํารวจ ตํารวจ ตํารวจ ตํารวจ ตํารวจ ตํารวจ ตํารวจ ตํารวจ ตํารวจ ตํารวจ ตํารวจ ตํารวจ ตํารวจ ตํารวจ ตํารวจ ตํารวจ ตํารวจ ตํารวจ ตํารวจ ตํารวจ ตํารวจ ตํารวจ ตํารวจ ตํารวจ ตํารวจ ตํารวจ ตํารวจ ตํารวจ ตํารวจ ตํารวจ ตํารวจ ตํารวจ ตํารวจ ตํารวจ ตํารวจ ตํารวจ ตํารวจ ตํารวจ ตํารวจ ตํารวจ ตํารวจ ตํารวจ ตํารวจ ตํารวจ ตํารวจ ตํารวจ ตํารวจ ตํารวจ ตํารวจ ตํารวจ ตํารวจ ท. ตํารวจ ตํารวจ ตํารวจ ตํารวจ ตํารวจ ตํารวจ ตํารวจ ตํารวจ ตํารวจ ตํารวจ ตํารวจ ตํารวจ ตํารวจ ตํารวจ ตํารวจ ตํารวจ,"ที่, น้อง, และ, พั๊นซ์, ว่า, อายุ, เป็น, ให้, ไม่, ได้"
336,<extra_id_0> ม. . รมว. . รมว. . รมว. . รมว. . รมว. . รมว. . รมว. รมว. รมว. รม. . รมว. รมว. . รมว. รมว. รม. . รมว. รม. . รม. . รมว. รม. . รม. . รม. . รม. . รม. . รม. . รม. . รม. . รม.. รม.. ,"ไม่, การ, ที่, เรื่อง, รัฐบาล, ว่า, ครม, ปรับ, และ, ของ"
337,<extra_id_0> - สํานักงานคณะกรรมการ . . - สํานักงาน สํานักงาน สํานักงาน สํานักงาน สํานักงาน สํานักงาน สํานักงาน สํานักงาน สํานักงาน สํานักงาน สํานักงาน สํานักงาน สํานักงาน สํานักงาน สํานักงาน คณะกรรมการ . สํานักงาน สํานักงาน สํานักงาน สํานักงาน สํานักงาน สํานักงาน สํานักงาน สํานักงาน สํานักงาน สํานักงาน สํานักงาน สํานักงาน สํานักงาน สํานักงาน สํานักงาน สํานักงาน สํานักงาน สํานักงาน สํานักงาน สํานักงาน สํานักงาน สํานักงาน สํานักงาน สํานักงาน สํานักงาน สํานักงาน สํานักงาน สํานักงาน สํานักงาน สํานักงาน สํานักงาน สํานักงาน สํานักงาน สํานักงาน สํานักงาน สํานักงาน สํานักงาน สํานักงาน สํานักงาน สํานักงาน สํานักงาน สํานักงาน สํานักงาน สํานักงาน สํานักงาน สํานักงาน สํานักงาน สํานักงาน สํานักงาน คณะกรรมการ . ,"เขต, พื้นที่, พิษสุนัขบ้า, โดย, มกราคม, ตัว, สำนัก, อนามัย, ที่, วันที่"
338,<extra_id_0> ปตท..,"ปตท, และ, ธุรกิจ, PTTOR, ของ, น้ำมัน, การ, บริษัท, ให้, PTT"
339,<extra_id_0> คณะกรรมการสิทธิมนุษยชน .,"สิทธิมนุษยชน, ของ, คณะกรรมการ, สรรหา, รายชื่อ, การ, แห่งชาติ, ได้, ได้รับ, ชุด"
340,<extra_id_0> สํานักงานคณะกรรมการการธนาคารแห่งประเทศไทย สํานักงาน ประเทศไทย มาเลเซีย ,"การ, และ, ไทย, ของ, ธนาคารโลก, ประเทศ, ประกอบธุรกิจ, ความร่วมมือ, ตะวันออก, ให้"
341,<extra_id_0> ตร. ม.ธ... ม . . ,"ไม่, ที่, การ, เป็น, จาก, ว่า, และ, หรือ, สินค้า, ให้"
342,<extra_id_0>       ,"ประตู, ที่, มัน, ทีม, มิ.ย, เข้า, เป็น, แบบนี้, เรา, นีล"
343,<extra_id_0> ท. . ท.ก. .,"น้อง, ทาม, พระราชทาน, ได้, รถจักรยาน, และ, ที่, พิษณุโลก, ปั่น, กับ"
344,<extra_id_0> จ.พังงา ภูเก็ต . . . . . . . . . . . . . . ,"ที่, ได้, ว่า, ของ, ไม่, ภูเก็ต, อยู่, รับรู้, แรง, การ"
345,<extra_id_0> . . . ,"ที่, ให้, เลโก้, ซึ่ง, เด็ก, เล่น, ต่อ, ได้, การ, เป็น"
346,<extra_id_0>ตํารวจ ตร. ตํารวจ ตร. ตํารวจ ตํารวจ ตํารวจ ตํารวจ ตํารวจ ตํารวจ ตํารวจ ตํารวจ ตํารวจ ตํารวจ ตํารวจ ตํารวจ ตํารวจ ตํารวจ ตํารวจ ตํารวจ ตํารวจ ตํารวจ ตํารวจ ตํารวจ ตํารวจ ตํารวจ ตํารวจ ตํารวจ ตํารวจ ตํารวจ ตํารวจ ตํารวจ ตํารวจ ตํารวจ ตํารวจ ตํารวจ ตํารวจ ตํารวจ ตํารวจ ตํารวจ ตํารวจ ตํารวจ ตํารวจ ตํารวจ ตํารวจ ตํารวจ ตํารวจ ตํารวจ ตํารวจ ตํารวจ ตํารวจ ตํารวจ ตํารวจ ตํารวจ ตํารวจ ตํารวจ ตํารวจ ตํารวจ ตํารวจ ตํารวจ ตํารวจ ตํารวจ ตํารวจ ตํารวจ ตํารวจ ตํารวจ ตํารวจ ตํารวจ ตํารวจ ตํารวจ ตํารวจ ตํารวจ ตํารวจ ,"ราย, และ, จับกุม, การแข่งรถ, ให้, เด็ก, การ, ถนน, เมื่อ, เวลา"
347,<extra_id_0> เกาะเตียว เกาะเตียว ,"เกาะ, ไต้หวัน, ที่, จีน, ของ, รายงาน, ญี่ปุ่น, พิพาท, ชาว, ว่า"
348,<extra_id_0> ตร. ตร. ตร. ตร. .ต. . .,"ลงทุน, ดังกล่าว, ที่, และ, บริษัท, ผู้เสียหาย, ได้, โฆษณา, การ, ร่วม"
349,<extra_id_0> ม.ท. ม. ม. ม. ม. ม. ม. ม. ม. ม. ม. ม. ม. ม. ม. ม. ม. ม. ม. ม. ม. ม. ม. ม. ม. ม. ม. ม. ม. ม. ม.,"บัลเลต์, ของ, และ, ที่, การแสดง, คณะ, ด้วย, แห่ง, โดย, เปรา"
350,<extra_id_0>พรรคประชาธิปัตย์ พรรคประชา พรรค ประชา พรรค พรรคประชา พรรค พรรคประชา พรรคประชา พรรคประชา พรรคพรรคประชา พรรคพรรคประชา พรรคพรรคประชา พรรคพรรคประชา พรรคพรรคประชา พรรคพรรคประชา พรรคพรรคประชา พรรคพรรคประชา พรรคพรรคประชา พรรคพรรคประชา พรรค พรรคพรรคประชา พรรค พรรคพรรคประชา พรรค พรรคพรรคประชา พรรค พรรคพรรคประชา พรรค พรรคพรรคประชา พรรค พรรคพรรคประชา พรรค พรรค พรรคพรรคประชา พรรค พรรค พรรค พรรค พรรค พรรค พรรค พรรค พรรค พรรค พรรค พรรค พรรค พรรค พรรค พรรค พรรค ,"พรรค, การ, ของ, ให้, นาย, ประชาชน, พรรคประชาธิปัตย์, อลงกรณ์, คณะกรรมการ, บริหาร"
351,<extra_id_0> ของ i. . . . . ,"ได้, ที่, Apple, การ, และ, ให้, Pro, ใหม่, ของ, นี้"
352,<extra_id_0> . ม.ก.ก.ก.,"ดื่ม, นักเรียน, ว่า, โรงเรียน, ที่, วันนี้, ให้, แห่ง, หนึ่ง, สมุทรปราการ"
353,<extra_id_0> ตํารวจจับกุม,"หนองคาย, ที่, ยัง, ลาว, วันนี้, อสุจิ, เจ้าหน้าที่, และ, เพิ่ม, ความเข้มงวด"
354,<extra_id_0> ง.ต.ต.ต.ต.ต.ต.ต.ต.ต.ต.ต.ต.ต.ต.ต.ต.ต. ค.ม. ,"จระเข้, ประมาณ, จึง, อยู่, บางปะอิน, เวลา, นาย, ทุ่งนา, ไม่, ตรวจสอบ"
355,<extra_id_0> ทักษ์ ทักษิณ รัฐ นายก.,"ทอง, ธาร, ชินวัตร, ที่, ว่า, ยิ่ง, ลักษณ์, ไม่, ทักษิณ, ร่วม"
356,<extra_id_0> รัฐมน.ธ.ก.บ.,"เอ็มดี, จิบ, และ, MACC, ล้าน, มาเลเซีย, ถูก, ที่, เผย, ว่า"
357,<extra_id_0>พระบรมศพ นายก ม. . นายก ม. ม. ม. ม. ม. ม. ม. ม. ม. ม.ก.ย.. นายกรัฐมนตรี รัฐมน นายก . . นายก . . . . . . . นายก . . นายก . . นายก . . นายก . . นายก . . นายก . . . นายก . . นายก . นายก . นายก . นายก . นายก . นายก . นายก . ,"ว่า, วันที่, ที่, กราบ, พระบรมศพ, เข้า, ได้, ประชาชน, ให้, เมื่อ"
358,<extra_id_0> ประเทศไทย . .,"ครับ, เรา, ของ, การ, ที่, ให้, ไม่, เรื่อง, ต้อง, และ"
359,<extra_id_0>      ,"กับ, ว่า, โอกาส, ลงสนาม, ทีม, ฤดูกาล, ไม่, นี้, สำนัก, วันที่"
360,<extra_id_0> นักบิดไทยจาก ยามาฮ่า เรซซิ่งจ. ยามา ,"อันดับ, ซิ่ง, สนาม, ที่, เป็น, จาก, วันที่, นี้, ของ, พงศ์"
361,<extra_id_0> เจอร์บ. ม.ค.. หนังสือ ,"หนังสือ, ที่, ของ, การ, และ, ไมน์คัมพฟ์, ว่า, เป็น, เล่ม, ได้"
362,<extra_id_0> ตํารวจ ตํารวจ ตํารวจ ตํารวจ ตํารวจ ตํารวจ ตํารวจ ตํารวจ ตํารวจ ตํารวจ ตํารวจ ตํารวจ  ตํารวจ  ตํารวจ  ตํารวจ  ตํารวจ ,"ลูกช้าง, ว่า, ไม่, ควาญช้าง, บาง, จึง, แต่, พลี, ได้รับบาดเจ็บ, เนื่องจาก"
363,<extra_id_0> ด.. ด.,"ที่, บอล, ได้, นาที, เขตโทษ, ฝรั่งเศส, จาก, จังหวะ, ตรี, เยต์"
364,<extra_id_0> นโยบาย ชิมช้อปใช้,"ช้อป, ชิม, ใช้, ว่า, ไม่, เสียง, มาตรการ, สนับสนุน, ประชาชน, และ"
365,<extra_id_0> สํานักงานคณะกรรมการ . สํานักงาน สํานักงาน สํานักงาน สํานักงาน สํานักงาน สํานักงาน ท. ท. ท. ท. ท. ท. ท. ท. ,"หมอก, อำเภอ, พื้นที่, ควัน, และ, แม่, จังหวัด, โดย, ที่, ต่อ"
366,<extra_id_0> ม.ม. ม.ก. ม.ก. ม.ก. ม.ก. ม.ม. ม. ม. ม.ก.ม. ม. ม. . .,"ทรง, ที่, ดนตรี, เพลง, พระราชนิพนธ์, เล่น, ให้, พระองค์, เป็น, การ"
367,<extra_id_0>ต.อ. ตํารวจ ตร.ม..ก.ต. . ,"ระเบิด, และ, เกิด, บริเวณ, มิ.ย, จึง, ได้, ปิงปอง, ทอง, เป็น"
368,<extra_id_0> ตํารวจ ตํารวจ ตํารวจ ตํารวจ ตํารวจ ตํารวจ ตํารวจ ตํารวจ ตํารวจ ตํารวจ ตํารวจ ตํารวจ ตํารวจ ตํารวจ ตํารวจ ตํารวจ ตํารวจ ตํารวจ ตํารวจ ตํารวจ ตํารวจ ตํารวจ ตํารวจ ตํารวจ ตํารวจ ตํารวจ ตํารวจ ตํารวจ ตํารวจ ตํารวจ ตํารวจ ตํารวจ ตํารวจ ตํารวจ ตํารวจ ตํารวจ ตํารวจ ตํารวจ ตํารวจ ตํารวจ ตํารวจ ตํารวจ ตํารวจ ตํารวจ ตํารวจ ตํารวจ ตํารวจ ตํารวจ ตํารวจ ตํารวจ ตํารวจ ตํารวจ ตํารวจ ตํารวจ ตํารวจ ตํารวจ ตํารวจ ตํารวจ ตํารวจ ตํารวจ ตํารวจ ตํารวจ ตํารวจ ตํารวจ ตํารวจ ตํารวจ ตํารวจ ตํารวจ ตํารวจ ตํารวจ ตํารวจ ตํารวจ ตํารวจ ตํารวจ,"นายร้อย, ตำรวจ, ว่า, ที่, คดี, การ, นาย, วันนี้, กระโดดร่ม, นี้"
369,<extra_id_0> ค.อ. ท.. ค. . - ค.. ค.. ค.. ค.. ค.ม. ค.ม. ค.ม. ค.. ค.ม. ค.. ค.ม. ค.. ค.ม. ค.. ค.ม. ค..ส. ค.. ค.. ค.. ค.. ค.. ค. . ค.ม. ค.. ค.. ค.. ค.. ค.. ค.. ค.. ,"เป็น, และ, วันที่, อธิบดี, เมื่อ, การ, นโยบาย, ซึ่ง, ผู้สื่อข่าว, รายงาน"
370,<extra_id_0> กรมอุททธ. กรมอุทท . กรมอุทท กรมอุทท. กรมอุทท. กรมอุทท. กรมอุทท. กรมอุทท. กรมอุทท. กรมอุทท. กรมอุทท. กรมอุทท. กรมอุทท. ,"และ, ที่, แก่ง, กระจาน, อุทยานแห่งชาติ, พื้นที่, กรม, วันนี้, ไม่, น้ำ"
371,<extra_id_0> ตํารวจ ตร. ตํารวจ ตํารวจ ตํารวจ ตํารวจ ตํารวจ ตํารวจ ตํารวจ ตํารวจ ตํารวจ ตํารวจ ตํารวจ ตํารวจ ตํารวจ ตํารวจ ตํารวจ ตํารวจ ตํารวจ ตํารวจ ตํารวจ ตํารวจ ตํารวจ ตํารวจ ตํารวจ ตํารวจ ตํารวจ ตํารวจ ตํารวจ ตํารวจ,"เกาะ, กลาง, ทราบ, เวลา, กระบี่, ลันตา, บ้าน, คลอง, ท่อม, ขับ"
372,<extra_id_0> ตร. . ตํารวจ ตํารวจ . ตํารวจ ตร. . ตํารวจ ตํารวจ ตํารวจ ตํารวจ ตํารวจ ตํารวจ ตํารวจ ตร. ตํารวจ ตํารวจ ตํารวจ ตํารวจ ตํารวจ ตํารวจ ตํารวจ ตํารวจ ตํารวจ ตร. ตํารวจ ตํารวจ ตํารวจ ตํารวจ ตํารวจ ตํารวจ ตํารวจ ตํารวจ ตร. ตํารวจ ตํารวจ ตํารวจ ตํารวจ ตร. ตํารวจ ตํารวจ ตํารวจ ตํารวจ ตํารวจ ตํารวจ ตํารวจ ตํารวจ ตํารวจ ตํารวจ ตํารวจ ตํารวจ ตํารวจ ตํารวจ ตํารวจ ตํารวจ ตํารวจ ตํารวจ ตํารวจ ตํารวจ ตํารวจ ตํารวจ ตํารวจ ตํารวจ ตํารวจ ตํารวจ ตํารวจ ตํารวจ ตร. ตํารวจ ,"ลอตเตอรี่, ที่, ขาย, รถจักรยานยนต์, ขี่, คนร้าย, และ, ประมาณ, เมือง, ถูก"
373,<extra_id_0> ล. เฟด ช.,"ของ, รอบ, โลก, ที่, และ, มือ, ตรวด, แรก, ผ่าน, สอง"
374,<extra_id_0> ตํารวจ ตํารวจ ตํารวจ ตํารวจ ตํารวจ ตํารวจ ตํารวจ ตํารวจ ตํารวจ ตํารวจ ตํารวจ ตํารวจ - ตํารวจ ตํารวจ ตํารวจ ตํารวจ ตํารวจ - ตํารวจ ตํารวจ ตํารวจ - ตํารวจ ตํารวจ ตํารวจ ตํารวจ ตํารวจ ตํารวจ ตํารวจ ตํารวจ ตํารวจ ตํารวจ ตํารวจ ตํารวจ ตํารวจ ตํารวจ ตํารวจ ตํารวจ ตํารวจ ตํารวจ ตํารวจ ตํารวจ ตํารวจ  ตํารวจ ตํารวจ ตํารวจ ตํารวจ ตํารวจ ตํารวจ ตํารวจ ตํารวจ ตํารวจ ตํารวจ ตํารวจ  ตํารวจ ตํารวจ ตํารวจ ตํารวจ ตํารวจ ตํารวจ ตํารวจ ตํารวจ ตํารวจ ตํารวจ ตํารวจ ตํารวจ ตํารวจ ตํารวจ ตํารวจ ตํารวจ ตํารวจ ตํารวจ,"นาย, หลบหนี, บอล, และ, ได้, เข้าไป, ไว้, วิ่ง, ที่, นนท์"
375,<extra_id_0> เอฟ.ไทย - เอฟ. . . เอฟ. . เอฟ... . . . . . . . . . . ,"ไม่, ที่, การ, ได้, ของ, ว่า, เรา, ให้, และ, กับ"
376,<extra_id_0> ตํารวจ ตร. ตํารวจ ตํารวจ ตํารวจ ตํารวจ ตํารวจ ตํารวจ ตํารวจ ตํารวจ ตํารวจ ตํารวจ ตํารวจ ตํารวจ ตํารวจ ตํารวจ ตํารวจ ตํารวจ ตํารวจ ตํารวจ ตํารวจ ตํารวจ ตํารวจ ตํารวจ ตํารวจ ตํารวจ ตํารวจ ตํารวจ ตํารวจ ตํารวจ ตํารวจ ตํารวจ ตํารวจ ตํารวจ ตํารวจ ตํารวจ ตํารวจ ตํารวจ ตํารวจ ตํารวจ ตํารวจ ตํารวจ ตํารวจ ตํารวจ ตํารวจ ตํารวจ ตํารวจ . ตํารวจ ตํารวจ ตํารวจ ตํารวจ ตํารวจ ตํารวจ ตํารวจ . ตํารวจ ตํารวจ ตํารวจ ตํารวจ ตํารวจ ตํารวจ ตํารวจ,"ที่, ได้, แก่ง, คอย, อายุ, รณา, สาว, และ, พร้อม, ซึ่ง"
377,<extra_id_0> ชาติ ชาติ มาเลเซีย เจ้า เหรียญทอง ทีมชาติไทย ,"เจ้า, เหรียญทอง, เป็น, ที่, ครั้ง, ได้, มาเลเซีย, กัน, ทำได้, การ"
378,<extra_id_0> ค.ต.อ. ตํารวจ ตร.,"เป็น, ไม่, นาย, วัด, ห้องน้ำ, ดาว, หญิง, มานพ, โด่ง, แต่"
379,<extra_id_0> กระทรวงก.ม. กระทรวงก. ม.ก.ก. ,"และ, การ, ที่, นาย, หน้ากาก, อนามัย, พัสดุ, ให้, ล้าน, โควิด"
380,<extra_id_0> ตร. ตร. รพ. ตํารวจ รพ. ตํารวจ รพ. ตํารวจ รพ. ตํารวจ รพ. ตํารวจ รพ. ตํารวจ รพ. ตํารวจ รพ. ตํารวจ รพ. ตํารวจ รพ. ตํารวจ รพ. ตํารวจ รพ. ตํารวจ,"ญจน, ตัว, ดิษฐ์, อยู่, ภายใน, นาย, นครศรีธรรมราช, ขนอม, ทราบ, สุราษฎร์ธานี"
381,<extra_id_0> ตร. ตร. ตํารวจ ตร. ตํารวจ ตํารวจ ตํารวจ ตํารวจ ตํารวจ ตํารวจ ตํารวจ ตํารวจ ตํารวจ ตํารวจ ตํารวจ ตํารวจ ตํารวจ ตํารวจ ตํารวจ ตํารวจ ตํารวจ ตํารวจ ตํารวจ ตํารวจ ตํารวจ ตํารวจ ตํารวจ ตํารวจ ตํารวจ ท. ตํารวจ ตํารวจ ตํารวจ ตํารวจ ตํารวจ ตํารวจ ตํารวจ ตํารวจ ตํารวจ ตํารวจ ตํารวจ ตํารวจ ตํารวจ ตํารวจ ตํารวจ ตํารวจ ตํารวจ ท. ตํารวจ ตํารวจ ตํารวจ ตํารวจ ตํารวจ ตํารวจ ตํารวจ ตํารวจ ตํารวจ ตํารวจ ตํารวจ ตํารวจ ตํารวจ ตํารวจ ตํารวจ ตํารวจ ตํารวจ ตํารวจ ตํารวจ ตํารวจ ตํารวจ ตํารวจ ตํารวจ ,"ศาลา, พัง, นาย, สัตหีบ, รถเก๋ง, เอก, อายุ, เมื่อ, รเชษฐ์, ตัว"
382,<extra_id_0> ตํารวจ ตํารวจ ตร. ตํารวจ ตํารวจ ตํารวจ ตํารวจ ตํารวจ ตํารวจ ตํารวจ ตํารวจ ตํารวจ ตํารวจ ตํารวจ ตํารวจ ตํารวจ ตํารวจ ตํารวจ ตํารวจ  ตํารวจ ตํารวจ  ตํารวจ ตํารวจ  ตํารวจ ตํารวจ  ตํารวจ ตํารวจ  ตํารวจ ตํารวจ  ตํารวจ ตํารวจ  ตํารวจ ตํารวจ ตํารวจ ตํารวจ ตํารวจ ตํารวจ ตํารวจ  ตํารวจ ตํารวจ ตํารวจ ตํารวจ ตํารวจ ตํารวจ ตํารวจ ตํารวจ ตํารวจ ตํารวจ ตํารวจ ตํารวจ ตํารวจ ตํารวจ ตํารวจ ตํารวจ ตํารวจ ตํารวจ ตํารวจ ตํารวจ ตํารวจ ตํารวจ ตํารวจ ตํารวจ ตํารวจ ตํารวจ ตํารวจ ตํารวจ ตํารวจ ตํารวจ ตํารวจ ,"ที่, ว่า, ภาค, ได้, ไม่, นี้, กับ, ศาล, กองปราบ, ตำรวจ"
383,<extra_id_0>น้ําโขง ล. น้ําโขง ,"โขง, ที่, น้ำ, ปัญหา, ลำน้ำ, พื้นที่, ประมาณ, ระดับน้ำ, สาขา, อำเภอ"
384,<extra_id_0> ตร. ตํารวจ . . - ตํารวจ . . . ,"ผู้ต้องหา, ผู้เสียหาย, และ, โครงการ, เป็น, ได้, เงิน, ร้อยเอ็ด, โอน, เพื่อ"
385,<extra_id_0> ตํารวจ ตร. ตํารวจ ตํารวจ ตํารวจ ตํารวจ ตํารวจ ตํารวจ ตํารวจ ตํารวจ ตํารวจ ตํารวจ ตํารวจ ตํารวจ ตํารวจ ตํารวจ ตํารวจ ตํารวจ ตํารวจ ตํารวจ ตํารวจ ตํารวจ ตํารวจ ตํารวจ ตํารวจ ตํารวจ ตํารวจ ตํารวจ ตํารวจ ตํารวจ ตํารวจ ตํารวจ ตํารวจ ตํารวจ ตํารวจ ตํารวจ ตํารวจ ตํารวจ ตํารวจ ตํารวจ ตํารวจ ตํารวจ ตํารวจ ตํารวจ ตํารวจ ตํารวจ ตํารวจ ตํารวจ ตํารวจ ตํารวจ ตํารวจ ตํารวจ ตํารวจ ตํารวจ ตํารวจ ตํารวจ ตํารวจ ตํารวจ ตํารวจ ตํารวจ ตํารวจ ตํารวจ ตํารวจ ตํารวจ ตํารวจ ตํารวจ ตํารวจ ตํารวจ ตํารวจ ตํารวจ ตํารวจ ตํารวจ ตํารวจ ,"ฉัตร, นาย, ชัย, ได้, บางปะกง, เม็ด, ที่, ฉะเชิงเทรา, ของ, ตำรวจ"
386,<extra_id_0> กองทัพไทย - ทหาร กองทัพ กองทัพ กองทัพ กองทัพ กองทัพ กองทัพ กองทัพ กองทัพ กองทัพ กองทัพ กองทัพ ม.ก.ก.ก. ,"พื้นที่, ชายแดน, ไทย, ทูบ, โกะ, ที่, และ, พม่า, โดย, พระ"
387,<extra_id_0> ปิศาจแดง แมนเชสเตอร์ ยูไนเต็ด ,"โรนัลโด, เขา, ว่า, จาก, ปิศาจ, แดง, แมนเชสเตอร์, ยูไนเต็ด, สำนัก, วันที่"
388,<extra_id_0> เด็ก เด็ก ม.ต. ,"น้อง, บุรี, อายุ, แก้ว, ให้, ที่, เงิน, โรงเรียน, เป็น, หรือ"
389,<extra_id_0> ล. . ล . ล.,"กับ, ทีม, ของ, ว่า, ที่, อัล, ลีก, เมเจอร์, ซ็อกเกอร์, มาดริด"
390,<extra_id_0> ทีมชาติไทย กับ ทีมชาติไทย กับ ทีมชาติไทย กับ ทีมชาติไทย กับ ทีมชาติไทย กับ ทีมชาติไทย กับ ทีมชาติไทย กับ ทีมชาติไทย กับ ทีมชาติไทย กับ ทีมชาติไทย กับ ทีมชาติไทย กับ ทีมชาติไทย ค. - ทีมชาติไทย - ทีมชาติไทย - ทีมชาติไทย - ทีมชาติไทย - ทีมชาติไทย - ทีมชาติไทย - ทีมชาติไทย - ทีมชาติไทย - ทีมชาติไทย - ทีมชาติไทย - ทีมชาติไทย. ค. ค.ค. ค.ค. - ทีมชาติไทย ค. ค. ค. ค. ,"ทีม, ไทย, มือ, คัพ, ระหว่าง, ของ, กับ, ได้, ประเภท, ทอง"
391,<extra_id_0> ประเทศไทย จํากัด . ประเทศไทย .,"App, Capture, การ, และ, โดย, ความ, ที่, อย่าง, ประเทศ, ภาพ"
392,<extra_id_0> ด.. ด. ท. ด. ท. ท. ค. ด. ค. ด. ด. ด. ด. ด. ด. ด. ด. ด. ด. ด. ด. ด. ด. ด. ด. ด. ด. ด. ด. ด. ด. ด. ด. ด. ด. ด. ด. ด. ด. ด. ช.ต.ต. ม. ค.ต. ช.ย. ม. ค. ,"เรา, ที่, รู้สึก, เมื่อ, เกม, หาย, แต่, ได้, ว่า, ของ"
393,<extra_id_0> ตําแหน่งรองอธิบดี ช. ม.ล.ป. ม.ก.พ... ตําแหน่งรองอ . ม.ก.พ... ม.ก.ก.ก.ก.ล. ม.ก.ก.ก. ม.ก.ล. ม.ก.ก. ม.ก.ก.,"การ, ตำแหน่ง, แต่งตั้ง, ของ, ที่, กรม, รองอธิบดี, ได้, อธิบดี, และ"
394,<extra_id_0> ลงทุนในหุ้นไทย ,"ล้าน, ลงทุน, ไทย, ต่างประเทศ, ของ, เหรียญ, สหรัฐฯ, และ, นักลงทุน, เงิน"
395,<extra_id_0> . ตํารวจ ตร... . . . .,"ให้, เวลา, การ, สอบสวน, ตำรวจ, ไม่, วันที่, วัน, ปทุม, ที่"
396,<extra_id_0> ช.ก . . เมือง . . .,"และ, ผัง, ภาคเหนือ, ให้, ที่, ประเทศ, เมือง, จังหวัด, กรมโยธาธิการ, ผังเมือง"
397,<extra_id_0> .ไทย.,"เมียนมา, ชาว, การ, ที่, ให้, ไทย, แรงงาน, พื้นที่, และ, โดย"
398,<extra_id_0> ประเทศไทย ง.ก. . . . . . . . .,"ประเทศ, ไทย, ที่, ผู้โดยสาร, และ, ทาง, จาก, ประกาศ, ว่า, ตาม"
399,<extra_id_0> ณ.ก.ก.ก.ก.ก.ก.ก.ก. ม.ก.ก.ก.ก.,"ประตูระบายน้ำ, คลอง, ว่า, และ, เซนติเมตร, เปิด, จังหวัด, ที่, ตาม, ระบุ"
400,<extra_id_0> ลิเวอร์พูล หงส์แดง ลิเวอร์พูล ,"สำนัก, วันที่, เฟอร์, ดัน, เหม็ด, ทีม, ตัวจริง, ที่, ลงสนาม, ข่าวต่างประเทศ"
401,<extra_id_0> ..,"แว่น, ที่, ทรง, คุณ, Sunglasses, ไม่, ช่วย, ได้, ว่า, กลม"
402,<extra_id_0> ศ. ศ. ศ. ศ. ศ. ศ. ศ. ศ. ศ. ศ. ศ. ศ. ศ. ศ. ศ. ศ. ศ. ศ . . - ,"ที่, ว่า, การ, บริษัท, ตรวจสอบ, คณะกรรมการ, ข้อมูล, เป็น, วันที่, ทีวี"
403,<extra_id_0> . กองกําลัง กองทัพ กองทัพ กองทัพ กองทัพ กองทัพ กองทัพ กองทัพ กองทัพ กองทัพ กองทัพ กองทัพ กองทัพ กองทัพ กองทัพ กองทัพ กองทัพ กองทัพ กองทัพ กองทัพ กองทัพ กองทัพ กองทัพ กองทัพ กองทัพ กองทัพ กองทัพ กองทัพ กองทัพ กองทัพ กองทัพ กองทัพ กองทัพ กองทัพ กองทัพ กองทัพ กองทัพ กองทัพ กองทัพ กองทัพ กองทัพ กองทัพ กองทัพ กองทัพ กองทัพ กองทัพ กองทัพ กองทัพ กองทัพ กองทัพ กองทัพ กองทัพ กองทัพ กองทัพ กองทัพ กองทัพ กองทัพ กองทัพ กองทัพ กองทัพ กองทัพ กองทัพ กองทัพ กองทัพ กองทัพ กองทัพ กองทัพ กองทัพ กองทัพ กองทัพ กองทัพ กองทัพ ,"PNO, SSA, ไทใหญ่, ทหาร, กองกำลัง, พม่า, ชาวบ้าน, ซึ่ง, กัน, Organization"
404,<extra_id_0> ตร. . .,"การ, ว่า, ได้, นาย, พื้นที่, สิระ, ก่อสร้าง, โครงการ, ไม่, กับ"
405,<extra_id_0>ตํารวจ ตร. ตํารวจ ตร. ตํารวจ ตร. ตํารวจ ตร. ตํารวจ ตร. ตํารวจ ตํารวจ ตํารวจ ตร. ตํารวจ ตํารวจ ตํารวจ ตํารวจ ตํารวจ ตํารวจ ตํารวจ ตํารวจ ตํารวจ ตํารวจ ตํารวจ ตํารวจ ตํารวจ ตํารวจ ตํารวจ ตํารวจ ตํารวจ ตํารวจ ตํารวจ ตํารวจ ตํารวจ ตํารวจ ตํารวจ ตํารวจ ตํารวจ ตํารวจ ตํารวจ ตํารวจ ตํารวจ ตํารวจ ตํารวจ ตํารวจ ตํารวจ ตํารวจ ตํารวจ ตํารวจ ตํารวจ ตํารวจ ตํารวจ ตํารวจ ตํารวจ ตํารวจ ตํารวจ ตํารวจ ตํารวจ ตํารวจ ตํารวจ ตํารวจ ตํารวจ ตํารวจ ตํารวจ ตํารวจ ตํารวจ ตํารวจ ตํารวจ ตํารวจ ตํารวจ ,"การ, คนร้าย, อาจ, ไม่, คดี, ตำรวจ, ได้, ว่า, ที่, เป็น"
406,<extra_id_0> ศ....,"รอบ, ข้าราชการ, รายชื่อ, สอง, ทุจริต, ว่า, ที่, ตรวจสอบ, เม.ย, ได้"
407,<extra_id_0> น้ําองุ่น น้ําองุ่น .,"ที่, ไวน์, และ, ของ, การ, ไม่, จุก, ขวด, อย่าง, นั้น"
408,<extra_id_0> ตร. ตํารวจ ตร. ตร. ตร. ตร. ตร. ตร. ตร. ตร. ตร. ตร.,"และ, ที่, เป็น, ถูก, ทาง, ผู้สื่อข่าว, เพื่อ, ว่า, รายงาน, เมื่อคืน"
409,<extra_id_0> ททท. ทท. ท. ,"การท่องเที่ยว, กรม, และ, การพัฒนา, การ, ของ, ใหม่, ที่, เศรษฐกิจ, กีฬา"
410,<extra_id_0> ตร. ตร. ตํารวจ ตํารวจ ตํารวจ ตํารวจ ตํารวจ ตํารวจ ตํารวจ ตํารวจ ตํารวจ ตํารวจ ตํารวจ ตํารวจ ตํารวจ ตํารวจ ตํารวจ ตํารวจ ตํารวจ ตํารวจ ตํารวจ ตํารวจ ตํารวจ ตํารวจ ตํารวจ ตํารวจ ตํารวจ ตํารวจ ตํารวจ ตํารวจ ตํารวจ ตํารวจ ตํารวจ ตํารวจ ตํารวจ ตํารวจ ตํารวจ ตํารวจ ตํารวจ ตํารวจ ตํารวจ ตํารวจ ตํารวจ ตํารวจ ตํารวจ ตํารวจ ตํารวจ ตํารวจ ตํารวจ ตํารวจ ตํารวจ ตํารวจ ตํารวจ ตํารวจ ตํารวจ ตํารวจ ตํารวจ ตํารวจ ตํารวจ ตํารวจ ตํารวจ ตํารวจ ตํารวจ ตํารวจ ตํารวจ ตํารวจ ตํารวจ ตํารวจ ตํารวจ ตํารวจ ตํารวจ ตํารวจ ตํารวจ,"และ, โตโยต้า, ผู้เสียชีวิต, ช่อง, ราย, ปาก, หนอง, ไม่, นครราชสีมา, สาหร่าย"
411,<extra_id_0> ล. ล. ล. ล. ล. ล. ล. ล. ล. ล. ล. ล. ล. ล. ล. ล. ล. ล. ล. ล. ล. ล. ล. ล. ล. ล. ล. ล. ล. ล. ล. ล. ล. ล. ล. ล. ล. ล. ล. ล. ล. ล. ล. ล. ล.ก. ล. ล.ก. ล.,"ปลา, กระชัง, แม่น้ำ, จาก, บ้าน, ปราจีนบุรี, สร้าง, ที่, เป็น, ได้รับ"
412,<extra_id_0> แมนเชสเตอร์ ยูไนเต็ด แมนเชสเตอร์ ยูไนเต็ด . แมนเชสเตอร์ ยูไนเต็ด แมนเชสเตอร์ ยูไนเต็ด แมนเชสเตอร์ ยูไนเต็ด แมนเชสเตอร์ ยูไนเต็ด . แมนเชสเตอร์ ยูไนเต็ด . แมนเชสเตอร์ ยูไนเต็ด . แมนเชสเตอร์ ยูไนเต็ด . แมนเชสเตอร์ ยูไนเต็ด . แมนเชสเตอร์ ยูไนเต็ด . แมนเชสเตอร์ ยูไนเต็ด . แมนเชสเตอร์ ยูไนเต็ด . แมนเชสเตอร์ ยูไนเต็ด . แมนเชสเตอร์ ยูไนเต็ด . แมนเชสเตอร์ ยูไนเต็ด . แมนเชสเตอร์ ยูไนเต็ด . แมนเชสเตอร์ ยูไนเต็ด . แมนเชสเตอร์ ยูไนเต็ด . แมนเชสเตอร์ ยูไนเต็ด . แมนเชสเตอร์ ยูไนเต็ด . แมนเชสเตอร์ ยูไนเต็ด . แมนเชสเตอร์ ยูไนเต็ด แมนเชสเตอร์ ยูไนเต็ด แมนเชสเตอร์ ยูไนเต็ด แมนเชสเตอร์ ยูไนเต็ด แมนเชสเตอร์ ยูไนเต็ด แมนเชสเตอร์ ยูไนเต็ด,"แมนเชสเตอร์, ยูไนเต็ด, การ, ของ, เมือง, ทีม, นัด, วันที่, เม.ย, ฟ้า"
413,<extra_id_0> ล. ปิศาจแดง,"ของ, ไม่, สำนัก, วันที่, นักเตะ, รายงาน, ว่า, มาดริด, ชุด, เปิด"
414,<extra_id_0> ม. ม. . ม. . ,"การ, และ, Sniffer, ที่, ข้อมูล, อินเทอร์เน็ต, เครือข่าย, ละเมิด, ให้, ต้อง"
415,<extra_id_0> ม.ก.ม. ม.ก. ม. . ,"ฉาย, ภาพยนตร์, ดาว, และ, Warehouse, ว่า, ที่, ให้, เรื่อง, คะนอง"
416,<extra_id_0>ศพผู้ตาย ตํารวจ ตร. ตํารวจ ตํารวจ ตํารวจ ตํารวจ ตํารวจ ตํารวจ ตํารวจ ตํารวจ ตํารวจ ตํารวจ ตํารวจ ตํารวจ ตํารวจ ตํารวจ ตํารวจ ตํารวจ ตํารวจ ตํารวจ ตํารวจ ตํารวจ ตํารวจ ตํารวจ ตํารวจ ตํารวจ ตํารวจ ตํารวจ ตํารวจ ตํารวจ ตํารวจ ตํารวจ ตํารวจ ตํารวจ ตํารวจ ตํารวจ ตํารวจ ตํารวจ ตํารวจ ตํารวจ ตํารวจ ตํารวจ ตํารวจ ตํารวจ ตํารวจ ตํารวจ ตํารวจ ตํารวจ ตํารวจ ตํารวจ ตํารวจ ตํารวจ ตํารวจ ตํารวจ ตํารวจ ตํารวจ ตํารวจ ตํารวจ ตํารวจ ตํารวจ ตํารวจ ตํารวจ ตํารวจ ตํารวจ ตํารวจ ตํารวจ ตํารวจ ตํารวจ ตํารวจ ตํารวจ ตํารวจ ตํารวจ,"ผู้ตาย, เป็น, อยู่, ว่า, ขนำ, ยิง, กระบี่, ไม่, นัด, จึง"
417,<extra_id_0> .. . . . . . . .,"เอ็กซ์, กับ, เพลง, แฟนคลับ, จริง, The, ไม่, อย่าง, เลย, ได้"
418,<extra_id_0> ล.ต. ม.  .  .  . . บิน . . สายการบิน . . สายการบิน . . บิน . . บิน . . บิน . . บิน . บิน . บิน . บิน . บิน . บิน . บิน . บิน . บิน . บิน . บิน . บิน . บิน . บิน . บิน . บิน . บิน . บิน . บิน . บิน . บิน . บิน . บิน . ,"ของ, อียิปต์, เครื่องบิน, จาก, และ, หาย, ได้, แอร์, บิน, เรดาร์"
419,<extra_id_0>กศน.. ,"กศน, การ, พื้นที่, ของ, ที่, กนก, ได้, และ, การศึกษา, วรรณ"
420,<extra_id_0> รัฐมน. . ม. . ม. . ม. . . ม. . ม. . ม. . ม. ม. ม. ม. ม. ม. ม. ม. ม. ม. ม. ม. ม. ม. ม. ม. ม. ม. ม. ,"อองซาน, พม่า, และ, ของ, ซูจี, เธอ, ประเทศ, ได้, ให้, ที่"
421,<extra_id_0>ต.ต. .   - ค.ก.ก.ก.ก.ก.ก. .ก. . . ,"เป็น, นาย, อธิบดี, ครม, ของ, ชัย, ที่, สำนักนายกรัฐมนตรี, เห็นชอบ, แต่งตั้ง"
422,<extra_id_0> ตร. ตร. ตร. ง.,"ตัว, จับ, หาง, เจอ, บ้าน, กระดิ่ง, เมื่อ, ให้, คนใน, ไม่"
423,<extra_id_0> น้ําประปา ฯล. ,"ของ, ประเทศ, การ, ได้, ว่า, ที่, ให้, น่าน, ป่า, กลุ่ม"
424,<extra_id_0> . . โครงการ . . โครงการ . . . ,"การ, ที่, โครงการ, ก่อสร้าง, ว่า, ไม่, ต่อสัญญา, ซึ่ง, นาย, วิทย์"
425,<extra_id_0> คดียาเสพติด คดียาเสพติด คดียาเสพติด คดียาเสพติด . คดี คดี คดี คดี คดี คดี คดี คดี คดี . คดี คดี คดี คดี คดี คดี คดี คดี คดี คดี คดี คดี คดี คดี คดี คดี คดี คดี คดี คดี คดี คดี คดี คดี คดี คดี คดี คดี คดี คดี คดี คดี คดี คดี คดี คดี คดี คดี คดี คดี คดี คดี คดี คดี คดี คดี คดี คดี คดี คดี คดี คดี คดี คดี คดี คดี คดี,"เด็ก, และ, ว่า, กระทำความผิด, ไม่, ที่, พิจารณาคดี, ยาเสพติด, ใช้, คดี"
426,<extra_id_0> . ทีมชาติไทย - ทีมชาติไทย . ทีมชาติไทย . ทีมชาติไทย . ทีมชาติไทย . ทีมชาติไทย . ทีมชาติไทย . ทีมชาติไทย . ทีมชาติไทย . ทีมชาติไทย . ทีมชาติไทย . ทีมชาติไทย . ทีมชาติไทย . ทีมชาติไทย . ทีมชาติไทย . ทีมชาติไทย . ทีมชาติไทย . ทีมชาติไทย . ทีมชาติไทย . ทีมชาติไทย . ทีมชาติไทย . ทีมชาติไทย . ทีมชาติไทย . ทีมชาติไทย . ทีมชาติไทย . ทีมชาติไทย . ทีมชาติไทย . ทีมชาติไทย . ทีมชาติไทย . ,"ทีม, ของ, ที่, ว่า, ไม่, เป็น, ทอง, นี้, อย่าง, เมือง"
427,<extra_id_0> ท. ท. ท.,"ไม่, ทนายความ, ว่า, ที่, มรรยาท, นาย, เป็น, ให้, ได้, การ"
428,<extra_id_0>ต.ต.ต. .ต.ต .ต.ต.ต. .ต. .ต.ต.ต. .ต. .ต.ต.ต. .ต.ต. . ,"เก็บ, ขยะ, นาย, ถนน, กู้ภัย, ชลบุรี, หน้า, และ, ล้อ, เวลา"
429,<extra_id_0>จ. บุรีรัมย์ ยูไนเต็ด ยูไนเต็ด ,"ที่, นาที, โดร, บุรีรัมย์, บอล, ยูไนเต็ด, ได้, แข้ง, เทพ, จูเนียร์"
430,<extra_id_0> ท. . . . . . . . . .,"และ, นาย, ที่, สุวรรณภูมิ, ได้, เป็น, การ, ท่าอากาศยาน, ปฎิบัติ, จาก"
431,<extra_id_0>คดี สมาคมผู้สื่อข่าวเศรษฐกิจ . บ.,"ให้, และ, ผู้สื่อข่าว, สมาคม, บัญชี, ต้อง, อย่า, เป็น, เศรษฐกิจ, เอกสาร"
432,<extra_id_0> โซตัส - โซตัส,"ตัส, SOTUS, เอส, ที่, ซีรีส์, The, Series, ตัว, ไม่, กับ"
433,<extra_id_0> แพทย์ที่ แพทย์ที่ .  . ,"ที่, โรงพยาบาล, ไม่, และ, ให้, แพทย์, เป็น, ว่า, ได้, จาก"
434,<extra_id_0>ที่ .ต.ส.ส. ,"เป็น, ที่, สมาน, และ, ของ, ทุกคน, พี่, กับ, ให้, ไว้"
435,<extra_id_0> ศ. ศ. ศ. ศ. ศ. ศ. ศ. ศ. ศ. ศ. ศ. ศ. ศ. .,"ฟ้าผ่า, อยู่, ที่, ได้, เกิด, ถูก, และ, ไม่, ฝนตก, เช่นกัน"
436,<extra_id_0> พรรคก้าวไกล พรรค ก้าว . . . ,"ไม่, ให้, ที่, เพื่อ, ได้รับ, เม.ย, วัจน์, ว่า, จาก, ธัญ"
437,<extra_id_0>   ,"ล้าน, รอย, กัด, ของ, ประมาณ, ที่, ไดโนเสาร์, สัตว์, หลักฐาน, ยาว"
438,<extra_id_0>ที่ . . . . . . . . . . .,"เรา, เพลง, เป็น, ที่, ไม่, ให้, พี่, ของ, นี้, ได้"
439,<extra_id_0> ณ . ม. . ม. . ม. . ม.ต.ต.ต.ต.ต.ต.ต.ต.ต.ต.ต.ต.ต.ต.ต.ต.ต.ต.ต.ต.ต.ต.ต.ต.ต.ต.ต.ต.ต.ต.ต.ต.ต.ต.ต.ต.ต.ต.ต.ต.ต.ต.ต.ต.ต.ต.ต.ต.ต.ต.ต.ต.ต.ต.ต.ต.ต. ,"ถวาย, ดอกไม้จันทน์, ประชาชน, พระ, เมรุมาศ, เวลา, พิธี, และ, จำลอง, โดย"
440,<extra_id_0> ตํารวจ ตํารวจ ตํารวจ ท. ตํารวจ . ตํารวจ ตํารวจ ตํารวจ ตํารวจ ตํารวจ ตํารวจ ตํารวจ ตํารวจ ตํารวจ ตํารวจ ตํารวจ ตํารวจ ตํารวจ ตํารวจ ตํารวจ ตํารวจ ตํารวจ ตํารวจ ตํารวจ ตํารวจ ตํารวจ ตํารวจ ตํารวจ ตํารวจ ตํารวจ ตํารวจ ตํารวจ ตํารวจ ตํารวจ ตํารวจ ตํารวจ ตํารวจ ตํารวจ ตํารวจ ตํารวจ ตํารวจ ตํารวจ ตํารวจ ตํารวจ ตํารวจ ตํารวจ ตํารวจ ตํารวจ ตํารวจ ตํารวจ ตํารวจ ตํารวจ ตํารวจ ตํารวจ ตํารวจ ตํารวจ ตํารวจ ตํารวจ ตํารวจ ตํารวจ ตํารวจ ตํารวจ ตํารวจ ตํารวจ ตํารวจ ตํารวจ ตํารวจ ตํารวจ ตํารวจ ตํารวจ ตํารวจ ตํารวจ ,"สุร, พระ, นาถ, และ, วัด, ฆ่า, มีด, ที่, ป่า, นารายณ์"
441,<extra_id_0> เสียชีวิต เสียชีวิต . โรคไข้หวัดใหญ่,"อาการ, ผู้ป่วย, ที่, โรคไข้หวัดใหญ่, โรค, คือ, ควบคุม, เมื่อ, ป้องกัน, วัน"
442,<extra_id_0>อาหารการกิน ข้าว - . . ,"เขียว, ที่, ผัก, โรค, เป็น, เข้ม, ไม่, อาหาร, โปแตสเซียม, ได้"
443,<extra_id_0>  ,"มีนาคม, ล้าน, โควิด, ระบาด, การ, สหรัฐฯ, ของ, นี้, ที่, พิเศษ"
444,<extra_id_0> กกต..,"กกต, ได้, ที่, ว่า, เลขาฯ, ให้, เป็น, และ, ไม่, การพิจารณา"
445,<extra_id_0> ตํารวจ ตร. ตํารวจ ตร. ตร.,"ทำแท้ง, ขาย, ไม่, ให้, เป็น, ที่, ตำรวจ, จำนวนมาก, ทาง, และ"
446,<extra_id_0> จ. ตํารวจ ตํารวจ ท. . ตํารวจ ตํารวจ ตํารวจ ตํารวจ ตํารวจ ตํารวจ ตํารวจ ตํารวจ ตํารวจ ตํารวจ ตํารวจ ตํารวจ ตํารวจ ตํารวจ ตํารวจ ตํารวจ ตํารวจ ตํารวจ ตํารวจ ตํารวจ ตํารวจ ตํารวจ ตํารวจ ตํารวจ ตํารวจ ตํารวจ ตํารวจ ตํารวจ ตํารวจ ตํารวจ ตํารวจ ตํารวจ ตํารวจ ตํารวจ ตํารวจ ตํารวจ ตํารวจ ตํารวจ ตํารวจ ตํารวจ ตํารวจ ตํารวจ ตํารวจ ตํารวจ ตํารวจ ตํารวจ ตํารวจ ตํารวจ ตํารวจ ตํารวจ ตํารวจ ตํารวจ ท.ก.ก.ก.ก..ก.ก.ก.. ตํารวจ ตํารวจ ท.ก.ก.ก. ,"นาย, วัน, บ้าน, ไร่, ที่, หนอง, มัน, ว่า, กับ, อยู่"
447,<extra_id_0> ตํารวจ ตร. ตํารวจ ตร. ตํารวจ ตร. ม. .,"นาย, อภิชัย, ผู้ตาย, และ, การ, ว่า, ที่, หรือ, ปืน, เป็น"
448,<extra_id_0> ม.กง.,"และ, กงสุล, การ, ที่, กรมการ, นครศรีธรรมราช, ได้, ประชาชน, นาย, ด้าน"
449,<extra_id_0> กระทรวงแรงงาน ประเทศไทย . ,"ของ, ไทย, การ, ที่, ประเทศ, และ, แรงงาน, โดย, สูงวัย, ต่อ"
450,<extra_id_0> ล. . . . ไอซ์ ช็อกโกลต . . ไอซ์ ช็อก . . ไอซ์ ช็อก . . ไอซ์ ช็อก . . ไอซ์ ช็อก .. . ไอซ์ ช็อก . . . . . . . . . . . . . . . . . . . . . . . . . . . . . . . . . . . . . . . ,"กับ, บาท, อร่อย, ราคา, ร้าน, ทุก, วันนี้, เพียง, และ, Tour"
451,<extra_id_0>ต.ต.ต.,"เลต, ที่, เป็น, การ, สุขศาลา, ของ, บ้าน, และ, อุ้มผาง, ให้"
452,<extra_id_0> ท.ต.ท.ก.ท. ท. ท.ก.ท.ท. ท.ก.ท. ท. ท. ท.ก.ท. ท. ท. ท. ท. ท. ท. ท. ท. ท. ท. ท. ท. ท. ท. ท. ท. ท. ท. ท. ท. ท. ท. ท. ท. ท. ท. ท. ท. ท. ท. ท. ท. ท. ท. ท.,"นาย, ท๊อป, ยิน, พยาน, ที่, พนักงานสอบสวน, ปาก, คดี, ได้, กรณ์"
453,<extra_id_0> ตํารวจ ตร. . . ตํารวจ ตํารวจ ตํารวจ ตํารวจ ตํารวจ ตํารวจ ตํารวจ ตํารวจ ตํารวจ ตํารวจ ตํารวจ ตํารวจ ตํารวจ ตํารวจ ตํารวจ ตํารวจ ตํารวจ ตํารวจ ตํารวจ ตํารวจ ตํารวจ ตํารวจ ตํารวจ ตํารวจ ตํารวจ ตํารวจ ตํารวจ ตํารวจ ตํารวจ ตํารวจ ตํารวจ ตํารวจ ตํารวจ ตํารวจ ตํารวจ ตํารวจ ตํารวจ ตํารวจ ตํารวจ ตํารวจ ตํารวจ ตํารวจ ตํารวจ ตํารวจ ตํารวจ ตํารวจ ตํารวจ ตํารวจ ตํารวจ ตํารวจ ตํารวจ ตํารวจ ตํารวจ ตํารวจ ตํารวจ ตํารวจ ตํารวจ ตํารวจ ตํารวจ ตํารวจ ตํารวจ ตํารวจ ตํารวจ ตํารวจ ตํารวจ ตํารวจ ตํารวจ ตํารวจ ตํารวจ ,"ชัย, โชค, ที่, ผู้ตาย, และ, กับ, เพิ่ง, อยู่, เลขที่, ว่า"
454,<extra_id_0> พรรคภูมิใจไทย เลือกตั้ง ค.ส. เลือกตั้ง ค.ส. ค..,"ไม่, นาย, ว่า, ได้, อนุทิน, และ, เมื่อ, ที่, เป็น, การ"
455,<extra_id_0> ประชาชาติ ล.ส. ล. ล.ก.ก. ม.ก. ม.ก.ม. ,"ผู้, สูญหาย, เปีย, ที่, การ, ค้นหา, อีก, รัฐบาล, ลาว, น้ำ"
456,<extra_id_0> ตร.ม. ตํารวจ ตํารวจ ตํารวจ ตํารวจ ตํารวจ ตํารวจ ตํารวจ ตํารวจ ตํารวจ ตํารวจ ตํารวจ ตํารวจ ตํารวจ ตํารวจ ตํารวจ ตํารวจ ตํารวจ ตํารวจ ตํารวจ ตํารวจ ตํารวจ ตํารวจ ตํารวจ ตํารวจ,"การ, ว่า, คดี, เสียชีวิต, ที่, ช่วยเหลือ, เหยื่อ, และ, ได้, ชมรม"
457,<extra_id_0> เจอร์ร. มาล. เจอร์ร. เจอร์ร. เจอร์ร. เจอร์ร. เจอร์ร. เจอร์ร. เจอร์ร. เจอร์ร. เจอร์ร. เจอร์ร. เจอร์ร. เจอร์ร. เจอร์ร. เจอร์ร. เจอร์ร. เจอร์ร. เจอร์ร. เจอร์ร. เจอร์ร. เจอร์ร. เจอร์ร. เจอร์ร. เจอร์ร. เจอร์ร. เจอร์ร. เจอร์ร. เจอร์ร. เจอร์ร. เจอร์ร. เจอร์ร. เจอร์ร. เจอร์ร. เจอร์ร. เจอร์ร. เจอร์ร.,"การ, ได้, เขา, สแกน, นี้, ว่า, และ, กลับมา, ลงสนาม, เกม"
458,<extra_id_0> กระทรวงการต.ต.ต. ท. นายก . นายก ศ . ม.ก.ก. . เศรษฐกิจ .  . - กระทรวงการ . . . . - กระทรวงการ . . - นโยบาย ศ.ม.ก. . . . . . . . . . . . . . . .,"ไทย, การ, การผลิต, ฐาน, ของ, เป็น, และ, ที่, ได้, จีน"
459,<extra_id_0> ฯ ล. . ฯล.,"และ, บรรพชา, สิงห์บุรี, วัด, เม.ย, เป็น, ของ, ท่า, ช้าง, เมื่อ"
460,<extra_id_0> เมือง เมือง เมือง เมือง เมืองโนริลส ,"หมี, ขั้วโลก, ของ, เมือง, ตัว, ที่, อยู่, เป็น, ว่า, Norilsk"
461,<extra_id_0> บินไทย ม.ค. . ,"บิน, การ, ไทย, ที่, ซ่อม, ได้, เครื่องยนต์, เครื่องบิน, และ, ต้อง"
462,<extra_id_0> นายก.ส.ประวิตร ,"ว่า, ได้, ไม่, กัน, ต้อง, ประวิตร, ที่, เหล่าทัพ, ผู้บัญชาการ, คุย"
463,<extra_id_0> ณ ศาล ณ ศาล ม. ม. ม. ม. ม. ม. ม. ม. ม. ม. ม. ม. ม. ม. ม. ม. ม. ม. ม. ม. ม. ม.,"วัด, เส้าหลิน, สร้าง, จัด, เจ้าอาวาส, ประชาชน, เหนือ, การ, เป็น, องค์"
464,<extra_id_0> สหภาพแรงงาน - สหภาพแรงงาน - สหภาพแรงงาน ,"ของ, อิลลัส, สปอร์ต, ที่, รเต็ด, สหภาพแรงงาน, ได้, การ, เป็น, และ"
465,<extra_id_0> ท.ต.ม. ท.ก.ก.,"ชั่วคราว, ศาลทหาร, มาตรา, ผู้สื่อข่าว, นาย, พัฒน์, หลัง, หรือ, และ, นรี"
466,<extra_id_0> ภาคตะวันออกเฉ. เฉ . . ,"บริเวณ, ภาค, ร้อยละ, ฟ้าคะนอง, พื้นที่, และ, ส่วนมาก, จังหวัด, ตกหนัก, จระเข้"
467,<extra_id_0> พรรคพลังประชารัฐ เลือกตั้ง พรรค พรรค พรรค พรรค พรรค พรรค พรรค พรรค พรรค พรรค พรรค พรรค พรรค  พรรค พรรค  พรรค พรรค พรรค  พรรค พรรค  พรรค พรรค พรรค  พรรค พรรค พรรค  พรรค พรรค  พรรค พรรค  พรรค พรรค พรรค  พรรค พรรค  พรรค พรรค พรรค  พรรค พรรค พรรค พรรค พรรค พรรค พรรค พรรค พรรค พรรค พรรค พรรค พรรค พรรค พรรค พรรค พรรค พรรค พรรค พรรค พรรค พรรค พรรค พรรค พรรค พรรค พรรค,"พรรคพลังประชารัฐ, ตัวเอง, การ, ให้, และ, พรรค, ที่, นาย, ต้อง, ซึ่ง"
468,<extra_id_0> กรมทางหลวงชน .,"จราจร, การ, เปอร์, ป้าย, ให้, สะพาน, อุบัติเหตุ, ครั้ง, ใช้, เซนต์"
469,<extra_id_0> ม.ค. ม.,"คริสตัล, และ, ที่, นาโน, การ, วาด, ด้วย, ทองคำ, ได้, เป็น"
470,<extra_id_0>รถแท็กซี่ จํากัด,"บาท, ภายใน, สนามบิน, และ, ปรับ, ขึ้น, แท็กซี่, สุวรรณภูมิ, วัน, ให้บริการ"
471,<extra_id_0> ล. ล. . ล. ล. ล. ล. ล. ล. ล. ล. ล. ล. ล. ล. ล. ล. ล. ล. ล. ล. ล. ล. ล. ล. ล. ล. ล. ล. ล. ล. ล. ล. ล. ล. ล. ล. ล. ล. ล. ล. ล. ล. ล. ล. ล. ล. ล. ล. ล,"นาที, ที่, เซีย, บาร์, ประตู, ดัด, เป็น, มาดริด, จ่าฝูง, จาก"
472,<extra_id_0> ล.ส. ล. ล. ล. ล. ล. ล. ล. ล. ล. ล. ล. ล. ล. ล. ล. ล. ล. ล. ล. ล. ล. ล. ล. ล. ล. ล. ล. ล. ล. ล. ล. ล. ล. ล. ล. ล. ล. ล. ล. ล. ล. ล. ล. ล. ล. ล. ล.ส.,"ไส้เดือน, มูล, ที่, ปุ๋ย, และ, กลุ่ม, ได้, เป็น, กะละมัง, ให้"
473,<extra_id_0> กทพ.. ท.พ.. ท.พ.. ท.,"สัญญา, กทพ, ที่, ของ, ผู้รับเหมา, บริษัท, จีน, บอร์ด, การ, ตรวจสอบ"
474,<extra_id_0> ช. ช.,"วันที่, ที่, และ, ฟุตบอล, จาก, ญี่ปุ่น, ไทย, มิ.ย, นักเตะ, พรม"
475,<extra_id_0> ล.ต. ม. ม. ม. ม. ,"พระ, สมเด็จ, และ, ราช, วัด, ปทุมวนาราม, เป็น, บรม, ของ, ทรง"
476,<extra_id_0> ตํารวจ ตร. ตํารวจ ตํารวจ ม. ตํารวจ ม. ตํารวจ ตํารวจ ตํารวจ ตํารวจ ตํารวจ ตํารวจ ตํารวจ ตํารวจ ตํารวจ ตํารวจ ตํารวจ ตํารวจ ตํารวจ ตํารวจ ตํารวจ ตํารวจ ตํารวจ ตํารวจ ตํารวจ ตํารวจ ตํารวจ ตํารวจ ตํารวจ ตํารวจ ตํารวจ ตํารวจ ตํารวจ ตํารวจ ตํารวจ ตํารวจ ตํารวจ ตํารวจ ตํารวจ ตํารวจ ตํารวจ ตํารวจ ตํารวจ ตํารวจ ตํารวจ ตํารวจ ตํารวจ ตํารวจ ตํารวจ ตํารวจ ตํารวจ ตํารวจ ตํารวจ ตํารวจ ตํารวจ ตํารวจ ตํารวจ ตํารวจ ตํารวจ ตํารวจ ตํารวจ ตํารวจ ตํารวจ ตํารวจ ตํารวจ ตํารวจ ตํารวจ ตํารวจ ตํารวจ ตํารวจ ตํารวจ ,"นาย, บันนังสตา, ยะลา, และ, ที่, เขต, หน่วย, ปัตตานี, อายุ, ชาวบ้าน"
477,<extra_id_0> ตํารวจ ตํารวจ ตํารวจ ตํารวจ . ตํารวจ ตํารวจ ตํารวจ ตํารวจ ม. . ตํารวจ ตํารวจ ตํารวจ ตํารวจ ตํารวจ ตํารวจ ตํารวจ ตํารวจ ตํารวจ ตํารวจ ตํารวจ ตํารวจ ตํารวจ ตํารวจ ตํารวจ ตํารวจ ตํารวจ ตํารวจ ตํารวจ ตํารวจ ตํารวจ ตํารวจ ตํารวจ ตํารวจ ตํารวจ ตํารวจ ตํารวจ ตํารวจ ตํารวจ ตํารวจ ตํารวจ ตํารวจ ตํารวจ ตํารวจ ตํารวจ ตํารวจ ตํารวจ ตํารวจ ตํารวจ ตํารวจ ตํารวจ ตํารวจ ตํารวจ ตํารวจ ตํารวจ ตํารวจ ตํารวจ ตํารวจ ตํารวจ ตํารวจ ตํารวจ ตํารวจ ตํารวจ ตํารวจ ตํารวจ ตํารวจ ตํารวจ ตํารวจ ตํารวจ ตํารวจ ตํารวจ ตํารวจ ,"อัม, ของ, ตำรวจ, นาย, ยิง, ที่, เมือง, เมื่อ, อิตาลี, ได้"
478,<extra_id_0> ช.ต. ม. . . . . . . . . . . . . . . . . . . . . . .,"เลือด, ที่, บริจาค, เจาะ, เสื้อ, นาย, ชุมนุม, ผู้, การ, แดง"
479,<extra_id_0>จ.นครนายก - ,"หมายเลข, ทางหลวง, จังหวัด, มุ่งหน้า, ใช้, เดินทาง, สู่, ที่, ถนน, เส้นทาง"
480,<extra_id_0> ล.ต.ม.ค..ค. ม. ค.. ม. . ล.ม.ค.. ม.ค.. ม.ค. ม. ค.. ม. ค.. ม.ค. ม. ค. ม. ค.. ม. ค. . ม.ค.. ม. ค. . ม.ค.. ม. ม. . ม.ค. ม.ค.. ม.ค.. ม.ค.. ม. ศ. ศ. ศ.. ,"พระธาตุ, ท่าอุเทน, เดือน, นครพนม, เป็น, ได้, วันที่, พิธี, ที่, ประเพณี"
481,<extra_id_0>ศพ .ส. . .คดี . . . . . . . . . . . . . . . . . . . . . . . . . . . . . . . . . . . . . . . . . . . . . . . . . . . . . . . . . . . . . . . . . . . . .,"ธิติ, ของ, ที่, กับ, ไม่, ว่า, ครอบครัว, แต่, ให้, ยัง"
482,<extra_id_0> ม. . . . . . . .,"เปอร์เซ็นต์, คะแนนนิยม, ประยุทธ์, นายกฯ, ของ, ตํ่า, สูงสุด, และ, ประชาชน, ผลสำรวจ"
483,<extra_id_0> นายก ม.ก.ก.,"นายก, ไม่, แตงกวา, ไร่, เป็น, คนเก่ง, เขา, นิทาน, ตาย, เจ้าของ"
484,<extra_id_0> ท. ท.,"อันเดอร์, รวม, คะแนน, ที่, อันดับ, รายการ, กอล์ฟ, ได้, ของ, จาก"
485,<extra_id_0> ตํารวจ ตร. ตร. ตํารวจ ตํารวจ ตํารวจ ตํารวจ ตํารวจ ตํารวจ ตํารวจ ตํารวจ ตํารวจ ตํารวจ ตํารวจ ตํารวจ ตํารวจ ตํารวจ ตํารวจ ตํารวจ ตํารวจ ตํารวจ ตํารวจ ตํารวจ ตํารวจ ตํารวจ ตํารวจ ตํารวจ,"อายุ, หรือ, และ, นาย, วัจน์, ความคืบหน้า, พิเศษ, จับกุม, ประจำปี, พร้อมกับ"
486,<extra_id_0> ตร. ม.ก.ก. ม. .ก. . - ,"เกิน, อายุ, หรือ, โดย, ผู้ต้องหา, การ, ได้, ไม่, ยัง, แต่"
487,<extra_id_0> นายกรัฐมนตรี ม. ม. ศาล เมือง รัฐ ศาล เมือง ศาล ตํารวจ ตํารวจ ตํารวจ ตํารวจ ตํารวจ ตํารวจ ตํารวจ ตํารวจ ตํารวจ ตํารวจ ตํารวจ ตํารวจ ตํารวจ ตํารวจ ตํารวจ ตํารวจ ตํารวจ ตํารวจ ตํารวจ ตํารวจ ตํารวจ ตํารวจ ตํารวจ ตํารวจ ตํารวจ ตํารวจ ตํารวจ ตํารวจ ตํารวจ ตํารวจ ตํารวจ ตํารวจ ตํารวจ ตํารวจ ตํารวจ ตํารวจ ตํารวจ ตํารวจ ตํารวจ ตํารวจ ตํารวจ ตํารวจ ตํารวจ ตํารวจ ตํารวจ ตํารวจ ตํารวจ ตํารวจ ตํารวจ ตํารวจ ตํารวจ ตํารวจ ตํารวจ ตํารวจ ตํารวจ ตํารวจ ตํารวจ ตํารวจ ตํารวจ ตํารวจ ตํารวจ ตํารวจ ตํารวจ เมือง,"และ, ล้าน, เมือง, น้ำท่วม, ว่า, มณฑล, จีน, ถึง, ของ, ตกหนัก"
488,<extra_id_0> อย. อย. ,"ได้, รุ่น, การผลิต, ปัญหา, ที่, KARE, เกิดขึ้น, แจ้ง, และ, ว่า"
489,<extra_id_0>เรือ ล. . เรือ ล. เรือ  . เรือ  เรือ  . ล. ล. เรือ  . ล. ล. ล. ล. ล. ล. ล. ล. ล. ล. ล. ล. ล. ล. ล. ล. ล. ล. ล. ล. ล. ล. ล. ล. ล. ล.  ล. ล. ล. ล. ล. ล. ล. ล. ล. ล. ล. ,"เรือ, ของ, พระธาตุ, ขบวน, และ, โขง, การ, น้ำ, คนเข้าเมือง, ตรวจ"
490,<extra_id_0> ล. . รัฐ รัฐ รัฐ รัฐ รัฐ รัฐ รัฐ รัฐ รัฐ รัฐ รัฐ รัฐ รัฐ รัฐ รัฐ รัฐ รัฐ รัฐ รัฐ รัฐ รัฐ รัฐ รัฐ . . . . รัฐ . . . . รัฐ . . . รัฐ . . . รัฐ . . รัฐ . . . รัฐ . . . รัฐ . . . . รัฐ รัฐ รัฐ รัฐ รัฐ รัฐ รัฐ รัฐ รัฐ รัฐ รัฐ รัฐ รัฐ รัฐ รัฐ ,"รัฐ, เฮอริเคน, ฟลอริดา, ของ, ที่, กับ, ไมเคิล, ขึ้นฝั่ง, เป็น, ว่า"
491,<extra_id_0> ค. ค. ค. ค. ค. ค. ค. ค. ค. ค. ค. ค. ค. ค. ค.ส. ค. ค. ค. ค. ค. ค. ค. ค. ค. ค. ค. ค. ค. ค. ค. ค. ค. ค. ค. ค. ค. ค. ค.ส. ค. ค. ค. ค. ค. ค. ค. ค. ค. ค.,"การ, ไม่, พลเอก, ประยุทธ์, ที่, เสนอชื่อ, ของ, ซึ่ง, ว่า, ต้อง"
492,<extra_id_0> ภาคตะวันออก ภาคใต้ ภาคใต้ ภาคใต้ ภาค   . . . ฝน . . . . . .,"บริเวณ, ตอน, และ, ประเทศ, ภาค, กำลัง, ที่, ไทย, คลื่น, ด้วย"
493,<extra_id_0> ม.ค. ม. ม. ม. ม. ม. ม. ม. ม. ม. ม. ม. ม. ม. ม. ม. ม. ม. ม. ม. ม. ม. ม. ม. ม. ม. ม. ม. ม. ม. ม. ม. ม. ม. ม. ม. ม. ม. ม. ม. ม. ม. ม. ม. ม. ม. ม. ม.ก.,"นิวซีแลนด์, การ, ผู้, ที่, แพร่ระบาด, COVID, ว่า, เดินทาง, ติดเชื้อ, มาจาก"
494,<extra_id_0> ตร. - ตํารวจ -,"นาย, กับ, แห่งชาติ, เปรม, ชัย, ที่, วันนี้, ณัชพล, และ, ไทย"
495,<extra_id_0>จ.จ.จ.จ.จ.จ.,"และ, นครสวรรค์, หมายเลข, อ่างทอง, สะพาน, บริเวณ, ได้, ชาติ, ที่, ถนน"
496,<extra_id_0> สายการบินไทย ไลอ้อน แอร์ ,"BOEING, MAX, แม็กซ์, โบอิ้ง, เครื่องบิน, การ, บิน, ไทย, ยกเลิก, ด้วย"
497,<extra_id_0> ท.. ขบวนการชุมนุม,"การ, ชุมนุม, ผู้ประท้วง, ฮ่องกง, ให้, และ, Wan, Chai, ที่, เรียกร้อง"
498,<extra_id_0> ท.ต. . . นายก . . - . . - . . . . . ,"และ, ตรัง, เทศบาลนคร, วันที่, ให้, ได้, ที่, สภา, เม.ย, ว่า"
499,<extra_id_0> ค.ส. ค. . ค. . ,"อนุ, ว่า, ไม่, ที่, พงษ์, ของ, และ, เมื่อ, เรื่อง, แล้ว"
